augment_clone: event#0 new_clone_idx=0 total_clones=1
augment_clone: event#1 new_clone_idx=1 total_clones=2
augment_clone: event#2 new_clone_idx=2 total_clones=3
augment_clone: event#3 new_clone_idx=3 total_clones=4
augment_clone: event#4 new_clone_idx=4 total_clones=5
augment_clone: event#5 new_clone_idx=5 total_clones=6
augment_clone: event#6 new_clone_idx=6 total_clones=7
augment_clone: event#7 new_clone_idx=7 total_clones=8
augment_clone: event#8 new_clone_idx=8 total_clones=9
augment_clone: event#9 new_clone_idx=9 total_clones=10
augment_clone: event#10 new_clone_idx=10 total_clones=11
vio_bench: call#15 diag[0] KH=0 1-KH=1 (rel_gap=1)
vio_bench: call#15 diag[1] KH=0 1-KH=1 (rel_gap=1)
vio_bench: call#15 diag[2] KH=0 1-KH=1 (rel_gap=1)
vio_bench: call#15 diag[3] KH=0 1-KH=1 (rel_gap=1)
vio_bench: call#15 diag[4] KH=0 1-KH=1 (rel_gap=1)
vio_bench: call#15 diag[5] KH=0 1-KH=1 (rel_gap=1)
vio_bench: call#15 diag[6] KH=0 1-KH=1 (rel_gap=1)
vio_bench: call#15 diag[7] KH=0 1-KH=1 (rel_gap=1)
vio_bench: call#15 diag[8] KH=0 1-KH=1 (rel_gap=1)
vio_bench: call#15 diag[9] KH=0 1-KH=1 (rel_gap=1)
vio_bench: call#15 diag[10] KH=0 1-KH=1 (rel_gap=1)
vio_bench: call#15 diag[11] KH=0 1-KH=1 (rel_gap=1)
vio_bench: call#15 diag[12] KH=0 1-KH=1 (rel_gap=1)
vio_bench: call#15 diag[13] KH=0 1-KH=1 (rel_gap=1)
vio_bench: call#15 diag[14] KH=0 1-KH=1 (rel_gap=1)
vio_bench: call#15 diag[15] KH=-0.0116378 1-KH=1.01164 (rel_gap=1.01164)
vio_bench: call#15 diag[16] KH=0.0539697 1-KH=0.94603 (rel_gap=0.94603)
vio_bench: call#15 diag[17] KH=0.0431956 1-KH=0.956804 (rel_gap=0.956804)
vio_bench: call#15 diag[18] KH=-0.000532036 1-KH=1.00053 (rel_gap=1.00053)
vio_bench: call#15 diag[19] KH=-0.000340207 1-KH=1.00034 (rel_gap=1.00034)
vio_bench: call#15 diag[20] KH=3.06229e-05 1-KH=0.999969 (rel_gap=0.999969)
vio_bench: call#15 diag[21] KH=-0.0119649 1-KH=1.01196 (rel_gap=1.01196)
vio_bench: call#15 diag[22] KH=0.155199 1-KH=0.844801 (rel_gap=0.844801)
vio_bench: call#15 diag[23] KH=0.0184393 1-KH=0.981561 (rel_gap=0.981561)
vio_bench: call#15 diag[24] KH=-0.00396349 1-KH=1.00396 (rel_gap=1.00396)
vio_bench: call#15 diag[25] KH=-0.00256509 1-KH=1.00257 (rel_gap=1.00257)
vio_bench: call#15 diag[26] KH=0.00046467 1-KH=0.999535 (rel_gap=0.999535)
vio_bench: call#15 diag[27] KH=-0.0134247 1-KH=1.01342 (rel_gap=1.01342)
vio_bench: call#15 diag[28] KH=0.225781 1-KH=0.774219 (rel_gap=0.774219)
vio_bench: call#15 diag[29] KH=0.00370564 1-KH=0.996294 (rel_gap=0.996294)
vio_bench: call#15 diag[30] KH=-0.00504971 1-KH=1.00505 (rel_gap=1.00505)
vio_bench: call#15 diag[31] KH=-0.00319378 1-KH=1.00319 (rel_gap=1.00319)
vio_bench: call#15 diag[32] KH=0.00106272 1-KH=0.998937 (rel_gap=0.998937)
vio_bench: call#15 diag[33] KH=-0.00693052 1-KH=1.00693 (rel_gap=1.00693)
vio_bench: call#15 diag[34] KH=0.263151 1-KH=0.736849 (rel_gap=0.736849)
vio_bench: call#15 diag[35] KH=0.000558605 1-KH=0.999441 (rel_gap=0.999441)
vio_bench: call#15 diag[36] KH=-0.00525794 1-KH=1.00526 (rel_gap=1.00526)
vio_bench: call#15 diag[37] KH=-0.00236251 1-KH=1.00236 (rel_gap=1.00236)
vio_bench: call#15 diag[38] KH=0.00155791 1-KH=0.998442 (rel_gap=0.998442)
vio_bench: call#15 diag[39] KH=0.0039293 1-KH=0.996071 (rel_gap=0.996071)
vio_bench: call#15 diag[40] KH=0.265104 1-KH=0.734896 (rel_gap=0.734896)
vio_bench: call#15 diag[41] KH=0.0036136 1-KH=0.996386 (rel_gap=0.996386)
vio_bench: call#15 diag[42] KH=-0.00505934 1-KH=1.00506 (rel_gap=1.00506)
vio_bench: call#15 diag[43] KH=-0.000480408 1-KH=1.00048 (rel_gap=1.00048)
vio_bench: call#15 diag[44] KH=0.00189901 1-KH=0.998101 (rel_gap=0.998101)
vio_bench: call#15 diag[45] KH=0.00747812 1-KH=0.992522 (rel_gap=0.992522)
vio_bench: call#15 diag[46] KH=0.228943 1-KH=0.771057 (rel_gap=0.771057)
vio_bench: call#15 diag[47] KH=0.0084484 1-KH=0.991552 (rel_gap=0.991552)
vio_bench: call#15 diag[48] KH=-0.00161934 1-KH=1.00162 (rel_gap=1.00162)
vio_bench: call#15 diag[49] KH=0.0012629 1-KH=0.998737 (rel_gap=0.998737)
vio_bench: call#15 diag[50] KH=0.00216337 1-KH=0.997837 (rel_gap=0.997837)
vio_bench: call#15 diag[51] KH=0.0142267 1-KH=0.985773 (rel_gap=0.985773)
vio_bench: call#15 diag[52] KH=0.151191 1-KH=0.848809 (rel_gap=0.848809)
vio_bench: call#15 diag[53] KH=0.0156426 1-KH=0.984357 (rel_gap=0.984357)
vio_bench: call#15 diag[54] KH=0.00618922 1-KH=0.993811 (rel_gap=0.993811)
vio_bench: call#15 diag[55] KH=0.00355357 1-KH=0.996446 (rel_gap=0.996446)
vio_bench: call#15 diag[56] KH=0.00167679 1-KH=0.998323 (rel_gap=0.998323)
vio_bench: call#15 diag[57] KH=0.0231392 1-KH=0.976861 (rel_gap=0.976861)
vio_bench: call#15 diag[58] KH=0.0265091 1-KH=0.973491 (rel_gap=0.973491)
vio_bench: call#15 diag[59] KH=0.0205223 1-KH=0.979478 (rel_gap=0.979478)
vio_bench: call#15 diag[60] KH=0.0222243 1-KH=0.977776 (rel_gap=0.977776)
vio_bench: call#15 diag[61] KH=0.0064284 1-KH=0.993572 (rel_gap=0.993572)
vio_bench: call#15 diag[62] KH=-0.000235292 1-KH=1.00024 (rel_gap=1.00024)
vio_bench: call#15 diag[63] KH=0.0373691 1-KH=0.962631 (rel_gap=0.962631)
vio_bench: call#15 diag[64] KH=-0.14977 1-KH=1.14977 (rel_gap=1.14977)
vio_bench: call#15 diag[65] KH=0.0178385 1-KH=0.982161 (rel_gap=0.982161)
vio_bench: call#15 diag[66] KH=0.0491559 1-KH=0.950844 (rel_gap=0.950844)
vio_bench: call#15 diag[67] KH=0.0105214 1-KH=0.989479 (rel_gap=0.989479)
vio_bench: call#15 diag[68] KH=-0.00380795 1-KH=1.00381 (rel_gap=1.00381)
vio_bench: call#15 diag[69] KH=0.0564068 1-KH=0.943593 (rel_gap=0.943593)
vio_bench: call#15 diag[70] KH=-0.38158 1-KH=1.38158 (rel_gap=1.38158)
vio_bench: call#15 diag[71] KH=0.00252289 1-KH=0.997477 (rel_gap=0.997477)
vio_bench: call#15 diag[72] KH=0.0916258 1-KH=0.908374 (rel_gap=0.908374)
vio_bench: call#15 diag[73] KH=0.0164397 1-KH=0.98356 (rel_gap=0.98356)
vio_bench: call#15 diag[74] KH=-0.009276 1-KH=1.00928 (rel_gap=1.00928)
vio_bench: call#15 diag[75] KH=0.0881206 1-KH=0.911879 (rel_gap=0.911879)
vio_bench: call#15 diag[76] KH=-0.671253 1-KH=1.67125 (rel_gap=1.67125)
vio_bench: call#15 diag[77] KH=-0.031348 1-KH=1.03135 (rel_gap=1.03135)
vio_bench: call#15 diag[78] KH=0.151579 1-KH=0.848421 (rel_gap=0.848421)
vio_bench: call#15 diag[79] KH=0.0256782 1-KH=0.974322 (rel_gap=0.974322)
vio_bench: call#15 diag[80] KH=-0.0168339 1-KH=1.01683 (rel_gap=1.01683)
vio_bench: call#16 diag[0] KH=0 1-KH=1 (rel_gap=1)
vio_bench: call#16 diag[1] KH=0 1-KH=1 (rel_gap=1)
vio_bench: call#16 diag[2] KH=0 1-KH=1 (rel_gap=1)
vio_bench: call#16 diag[3] KH=0 1-KH=1 (rel_gap=1)
vio_bench: call#16 diag[4] KH=0 1-KH=1 (rel_gap=1)
vio_bench: call#16 diag[5] KH=0 1-KH=1 (rel_gap=1)
vio_bench: call#16 diag[6] KH=0 1-KH=1 (rel_gap=1)
vio_bench: call#16 diag[7] KH=0 1-KH=1 (rel_gap=1)
vio_bench: call#16 diag[8] KH=0 1-KH=1 (rel_gap=1)
vio_bench: call#16 diag[9] KH=0 1-KH=1 (rel_gap=1)
vio_bench: call#16 diag[10] KH=0 1-KH=1 (rel_gap=1)
vio_bench: call#16 diag[11] KH=0 1-KH=1 (rel_gap=1)
vio_bench: call#16 diag[12] KH=0 1-KH=1 (rel_gap=1)
vio_bench: call#16 diag[13] KH=0 1-KH=1 (rel_gap=1)
vio_bench: call#16 diag[14] KH=0 1-KH=1 (rel_gap=1)
vio_bench: call#16 diag[15] KH=-0.00926786 1-KH=1.00927 (rel_gap=1.00927)
vio_bench: call#16 diag[16] KH=-0.0538536 1-KH=1.05385 (rel_gap=1.05385)
vio_bench: call#16 diag[17] KH=0.0335466 1-KH=0.966453 (rel_gap=0.966453)
vio_bench: call#16 diag[18] KH=-0.000377393 1-KH=1.00038 (rel_gap=1.00038)
vio_bench: call#16 diag[19] KH=-0.000226375 1-KH=1.00023 (rel_gap=1.00023)
vio_bench: call#16 diag[20] KH=8.15561e-06 1-KH=0.999992 (rel_gap=0.999992)
vio_bench: call#16 diag[21] KH=-0.00782589 1-KH=1.00783 (rel_gap=1.00783)
vio_bench: call#16 diag[22] KH=0.0467355 1-KH=0.953264 (rel_gap=0.953264)
vio_bench: call#16 diag[23] KH=0.0146942 1-KH=0.985306 (rel_gap=0.985306)
vio_bench: call#16 diag[24] KH=-0.00249903 1-KH=1.0025 (rel_gap=1.0025)
vio_bench: call#16 diag[25] KH=-0.00160226 1-KH=1.0016 (rel_gap=1.0016)
vio_bench: call#16 diag[26] KH=0.000155232 1-KH=0.999845 (rel_gap=0.999845)
vio_bench: call#16 diag[27] KH=-0.00800705 1-KH=1.00801 (rel_gap=1.00801)
vio_bench: call#16 diag[28] KH=0.122813 1-KH=0.877187 (rel_gap=0.877187)
vio_bench: call#16 diag[29] KH=0.00300972 1-KH=0.99699 (rel_gap=0.99699)
vio_bench: call#16 diag[30] KH=-0.00266142 1-KH=1.00266 (rel_gap=1.00266)
vio_bench: call#16 diag[31] KH=-0.0018494 1-KH=1.00185 (rel_gap=1.00185)
vio_bench: call#16 diag[32] KH=0.000409868 1-KH=0.99959 (rel_gap=0.99959)
vio_bench: call#16 diag[33] KH=-0.00222329 1-KH=1.00222 (rel_gap=1.00222)
vio_bench: call#16 diag[34] KH=0.172391 1-KH=0.827609 (rel_gap=0.827609)
vio_bench: call#16 diag[35] KH=0.000109198 1-KH=0.999891 (rel_gap=0.999891)
vio_bench: call#16 diag[36] KH=-0.00229363 1-KH=1.00229 (rel_gap=1.00229)
vio_bench: call#16 diag[37] KH=-0.00109497 1-KH=1.00109 (rel_gap=1.00109)
vio_bench: call#16 diag[38] KH=0.000628261 1-KH=0.999372 (rel_gap=0.999372)
vio_bench: call#16 diag[39] KH=0.00640636 1-KH=0.993594 (rel_gap=0.993594)
vio_bench: call#16 diag[40] KH=0.193267 1-KH=0.806733 (rel_gap=0.806733)
vio_bench: call#16 diag[41] KH=0.00179551 1-KH=0.998204 (rel_gap=0.998204)
vio_bench: call#16 diag[42] KH=-0.00208205 1-KH=1.00208 (rel_gap=1.00208)
vio_bench: call#16 diag[43] KH=0.000299226 1-KH=0.999701 (rel_gap=0.999701)
vio_bench: call#16 diag[44] KH=0.000841067 1-KH=0.999159 (rel_gap=0.999159)
vio_bench: call#16 diag[45] KH=0.00797824 1-KH=0.992022 (rel_gap=0.992022)
vio_bench: call#16 diag[46] KH=0.183433 1-KH=0.816567 (rel_gap=0.816567)
vio_bench: call#16 diag[47] KH=0.00446815 1-KH=0.995532 (rel_gap=0.995532)
vio_bench: call#16 diag[48] KH=-0.000300943 1-KH=1.0003 (rel_gap=1.0003)
vio_bench: call#16 diag[49] KH=0.0013121 1-KH=0.998688 (rel_gap=0.998688)
vio_bench: call#16 diag[50] KH=0.00118104 1-KH=0.998819 (rel_gap=0.998819)
vio_bench: call#16 diag[51] KH=0.0112608 1-KH=0.988739 (rel_gap=0.988739)
vio_bench: call#16 diag[52] KH=0.140089 1-KH=0.859911 (rel_gap=0.859911)
vio_bench: call#16 diag[53] KH=0.00936628 1-KH=0.990634 (rel_gap=0.990634)
vio_bench: call#16 diag[54] KH=0.00356101 1-KH=0.996439 (rel_gap=0.996439)
vio_bench: call#16 diag[55] KH=0.00253746 1-KH=0.997463 (rel_gap=0.997463)
vio_bench: call#16 diag[56] KH=0.00117783 1-KH=0.998822 (rel_gap=0.998822)
vio_bench: call#16 diag[57] KH=0.0153953 1-KH=0.984605 (rel_gap=0.984605)
vio_bench: call#16 diag[58] KH=0.0589329 1-KH=0.941067 (rel_gap=0.941067)
vio_bench: call#16 diag[59] KH=0.0132817 1-KH=0.986718 (rel_gap=0.986718)
vio_bench: call#16 diag[60] KH=0.0120185 1-KH=0.987982 (rel_gap=0.987982)
vio_bench: call#16 diag[61] KH=0.00400669 1-KH=0.995993 (rel_gap=0.995993)
vio_bench: call#16 diag[62] KH=0.000344062 1-KH=0.999656 (rel_gap=0.999656)
vio_bench: call#16 diag[63] KH=0.0227479 1-KH=0.977252 (rel_gap=0.977252)
vio_bench: call#16 diag[64] KH=-0.0640775 1-KH=1.06408 (rel_gap=1.06408)
vio_bench: call#16 diag[65] KH=0.0123432 1-KH=0.987657 (rel_gap=0.987657)
vio_bench: call#16 diag[66] KH=0.026701 1-KH=0.973299 (rel_gap=0.973299)
vio_bench: call#16 diag[67] KH=0.00622051 1-KH=0.993779 (rel_gap=0.993779)
vio_bench: call#16 diag[68] KH=-0.00143509 1-KH=1.00144 (rel_gap=1.00144)
vio_bench: call#16 diag[69] KH=0.0329207 1-KH=0.967079 (rel_gap=0.967079)
vio_bench: call#16 diag[70] KH=-0.232315 1-KH=1.23231 (rel_gap=1.23231)
vio_bench: call#16 diag[71] KH=0.00280094 1-KH=0.997199 (rel_gap=0.997199)
vio_bench: call#16 diag[72] KH=0.0506451 1-KH=0.949355 (rel_gap=0.949355)
vio_bench: call#16 diag[73] KH=0.00963249 1-KH=0.990368 (rel_gap=0.990368)
vio_bench: call#16 diag[74] KH=-0.00426573 1-KH=1.00427 (rel_gap=1.00427)
vio_bench: call#16 diag[75] KH=0.0521286 1-KH=0.947871 (rel_gap=0.947871)
vio_bench: call#16 diag[76] KH=-0.447923 1-KH=1.44792 (rel_gap=1.44792)
vio_bench: call#16 diag[77] KH=-0.0194132 1-KH=1.01941 (rel_gap=1.01941)
vio_bench: call#16 diag[78] KH=0.0849015 1-KH=0.915099 (rel_gap=0.915099)
vio_bench: call#16 diag[79] KH=0.0152325 1-KH=0.984767 (rel_gap=0.984767)
vio_bench: call#16 diag[80] KH=-0.00819966 1-KH=1.0082 (rel_gap=1.0082)
vio_bench: call#17 diag[0] KH=0 1-KH=1 (rel_gap=1)
vio_bench: call#17 diag[1] KH=0 1-KH=1 (rel_gap=1)
vio_bench: call#17 diag[2] KH=0 1-KH=1 (rel_gap=1)
vio_bench: call#17 diag[3] KH=0 1-KH=1 (rel_gap=1)
vio_bench: call#17 diag[4] KH=0 1-KH=1 (rel_gap=1)
vio_bench: call#17 diag[5] KH=0 1-KH=1 (rel_gap=1)
vio_bench: call#17 diag[6] KH=0 1-KH=1 (rel_gap=1)
vio_bench: call#17 diag[7] KH=0 1-KH=1 (rel_gap=1)
vio_bench: call#17 diag[8] KH=0 1-KH=1 (rel_gap=1)
vio_bench: call#17 diag[9] KH=0 1-KH=1 (rel_gap=1)
vio_bench: call#17 diag[10] KH=0 1-KH=1 (rel_gap=1)
vio_bench: call#17 diag[11] KH=0 1-KH=1 (rel_gap=1)
vio_bench: call#17 diag[12] KH=0 1-KH=1 (rel_gap=1)
vio_bench: call#17 diag[13] KH=0 1-KH=1 (rel_gap=1)
vio_bench: call#17 diag[14] KH=0 1-KH=1 (rel_gap=1)
vio_bench: call#17 diag[15] KH=-0.07766 1-KH=1.07766 (rel_gap=1.07766)
vio_bench: call#17 diag[16] KH=-0.0108456 1-KH=1.01085 (rel_gap=1.01085)
vio_bench: call#17 diag[17] KH=0.0200139 1-KH=0.979986 (rel_gap=0.979986)
vio_bench: call#17 diag[18] KH=-0.000210812 1-KH=1.00021 (rel_gap=1.00021)
vio_bench: call#17 diag[19] KH=-8.15951e-05 1-KH=1.00008 (rel_gap=1.00008)
vio_bench: call#17 diag[20] KH=-0.00020954 1-KH=1.00021 (rel_gap=1.00021)
vio_bench: call#17 diag[21] KH=-0.0479986 1-KH=1.048 (rel_gap=1.048)
vio_bench: call#17 diag[22] KH=-0.0402851 1-KH=1.04029 (rel_gap=1.04029)
vio_bench: call#17 diag[23] KH=0.00596873 1-KH=0.994031 (rel_gap=0.994031)
vio_bench: call#17 diag[24] KH=-0.00141361 1-KH=1.00141 (rel_gap=1.00141)
vio_bench: call#17 diag[25] KH=6.60195e-05 1-KH=0.999934 (rel_gap=0.999934)
vio_bench: call#17 diag[26] KH=-0.00143705 1-KH=1.00144 (rel_gap=1.00144)
vio_bench: call#17 diag[27] KH=-0.0217849 1-KH=1.02178 (rel_gap=1.02178)
vio_bench: call#17 diag[28] KH=-0.0599316 1-KH=1.05993 (rel_gap=1.05993)
vio_bench: call#17 diag[29] KH=0.00203165 1-KH=0.997968 (rel_gap=0.997968)
vio_bench: call#17 diag[30] KH=-0.001968 1-KH=1.00197 (rel_gap=1.00197)
vio_bench: call#17 diag[31] KH=0.00114289 1-KH=0.998857 (rel_gap=0.998857)
vio_bench: call#17 diag[32] KH=-0.00135979 1-KH=1.00136 (rel_gap=1.00136)
vio_bench: call#17 diag[33] KH=0.000371824 1-KH=0.999628 (rel_gap=0.999628)
vio_bench: call#17 diag[34] KH=-0.0674732 1-KH=1.06747 (rel_gap=1.06747)
vio_bench: call#17 diag[35] KH=0.00369437 1-KH=0.996306 (rel_gap=0.996306)
vio_bench: call#17 diag[36] KH=-0.00210834 1-KH=1.00211 (rel_gap=1.00211)
vio_bench: call#17 diag[37] KH=0.00223712 1-KH=0.997763 (rel_gap=0.997763)
vio_bench: call#17 diag[38] KH=-0.000334517 1-KH=1.00033 (rel_gap=1.00033)
vio_bench: call#17 diag[39] KH=0.0187248 1-KH=0.981275 (rel_gap=0.981275)
vio_bench: call#17 diag[40] KH=-0.0655989 1-KH=1.0656 (rel_gap=1.0656)
vio_bench: call#17 diag[41] KH=0.0102409 1-KH=0.989759 (rel_gap=0.989759)
vio_bench: call#17 diag[42] KH=-0.00223565 1-KH=1.00224 (rel_gap=1.00224)
vio_bench: call#17 diag[43] KH=0.00271967 1-KH=0.99728 (rel_gap=0.99728)
vio_bench: call#17 diag[44] KH=0.00133418 1-KH=0.998666 (rel_gap=0.998666)
vio_bench: call#17 diag[45] KH=0.0321984 1-KH=0.967802 (rel_gap=0.967802)
vio_bench: call#17 diag[46] KH=-0.056917 1-KH=1.05692 (rel_gap=1.05692)
vio_bench: call#17 diag[47] KH=0.0220427 1-KH=0.977957 (rel_gap=0.977957)
vio_bench: call#17 diag[48] KH=-0.00256927 1-KH=1.00257 (rel_gap=1.00257)
vio_bench: call#17 diag[49] KH=0.00236962 1-KH=0.99763 (rel_gap=0.99763)
vio_bench: call#17 diag[50] KH=0.00340132 1-KH=0.996599 (rel_gap=0.996599)
vio_bench: call#17 diag[51] KH=0.0409606 1-KH=0.959039 (rel_gap=0.959039)
vio_bench: call#17 diag[52] KH=-0.0326588 1-KH=1.03266 (rel_gap=1.03266)
vio_bench: call#17 diag[53] KH=0.0305919 1-KH=0.969408 (rel_gap=0.969408)
vio_bench: call#17 diag[54] KH=-0.00128961 1-KH=1.00129 (rel_gap=1.00129)
vio_bench: call#17 diag[55] KH=0.00106082 1-KH=0.998939 (rel_gap=0.998939)
vio_bench: call#17 diag[56] KH=0.00528712 1-KH=0.994713 (rel_gap=0.994713)
vio_bench: call#17 diag[57] KH=0.0449494 1-KH=0.955051 (rel_gap=0.955051)
vio_bench: call#17 diag[58] KH=0.0101538 1-KH=0.989846 (rel_gap=0.989846)
vio_bench: call#17 diag[59] KH=0.0297289 1-KH=0.970271 (rel_gap=0.970271)
vio_bench: call#17 diag[60] KH=0.00328867 1-KH=0.996711 (rel_gap=0.996711)
vio_bench: call#17 diag[61] KH=-0.0011582 1-KH=1.00116 (rel_gap=1.00116)
vio_bench: call#17 diag[62] KH=0.00635996 1-KH=0.99364 (rel_gap=0.99364)
vio_bench: call#17 diag[63] KH=0.0427191 1-KH=0.957281 (rel_gap=0.957281)
vio_bench: call#17 diag[64] KH=0.0668256 1-KH=0.933174 (rel_gap=0.933174)
vio_bench: call#17 diag[65] KH=0.0170318 1-KH=0.982968 (rel_gap=0.982968)
vio_bench: call#17 diag[66] KH=0.0131397 1-KH=0.98686 (rel_gap=0.98686)
vio_bench: call#17 diag[67] KH=-0.00412219 1-KH=1.00412 (rel_gap=1.00412)
vio_bench: call#17 diag[68] KH=0.00639629 1-KH=0.993604 (rel_gap=0.993604)
vio_bench: call#17 diag[69] KH=0.0328896 1-KH=0.96711 (rel_gap=0.96711)
vio_bench: call#17 diag[70] KH=0.130812 1-KH=0.869188 (rel_gap=0.869188)
vio_bench: call#17 diag[71] KH=-0.00949681 1-KH=1.0095 (rel_gap=1.0095)
vio_bench: call#17 diag[72] KH=0.030878 1-KH=0.969122 (rel_gap=0.969122)
vio_bench: call#17 diag[73] KH=-0.00791959 1-KH=1.00792 (rel_gap=1.00792)
vio_bench: call#17 diag[74] KH=0.00562964 1-KH=0.99437 (rel_gap=0.99437)
vio_bench: call#17 diag[75] KH=0.014773 1-KH=0.985227 (rel_gap=0.985227)
vio_bench: call#17 diag[76] KH=0.200788 1-KH=0.799212 (rel_gap=0.799212)
vio_bench: call#17 diag[77] KH=-0.0531386 1-KH=1.05314 (rel_gap=1.05314)
vio_bench: call#17 diag[78] KH=0.058863 1-KH=0.941137 (rel_gap=0.941137)
vio_bench: call#17 diag[79] KH=-0.0125414 1-KH=1.01254 (rel_gap=1.01254)
vio_bench: call#17 diag[80] KH=0.00393494 1-KH=0.996065 (rel_gap=0.996065)
vio_bench: call#18 diag[0] KH=0 1-KH=1 (rel_gap=1)
vio_bench: call#18 diag[1] KH=0 1-KH=1 (rel_gap=1)
vio_bench: call#18 diag[2] KH=0 1-KH=1 (rel_gap=1)
vio_bench: call#18 diag[3] KH=0 1-KH=1 (rel_gap=1)
vio_bench: call#18 diag[4] KH=0 1-KH=1 (rel_gap=1)
vio_bench: call#18 diag[5] KH=0 1-KH=1 (rel_gap=1)
vio_bench: call#18 diag[6] KH=0 1-KH=1 (rel_gap=1)
vio_bench: call#18 diag[7] KH=0 1-KH=1 (rel_gap=1)
vio_bench: call#18 diag[8] KH=0 1-KH=1 (rel_gap=1)
vio_bench: call#18 diag[9] KH=0 1-KH=1 (rel_gap=1)
vio_bench: call#18 diag[10] KH=0 1-KH=1 (rel_gap=1)
vio_bench: call#18 diag[11] KH=0 1-KH=1 (rel_gap=1)
vio_bench: call#18 diag[12] KH=0 1-KH=1 (rel_gap=1)
vio_bench: call#18 diag[13] KH=0 1-KH=1 (rel_gap=1)
vio_bench: call#18 diag[14] KH=0 1-KH=1 (rel_gap=1)
vio_bench: call#18 diag[15] KH=-0.0613137 1-KH=1.06131 (rel_gap=1.06131)
vio_bench: call#18 diag[16] KH=-0.0127488 1-KH=1.01275 (rel_gap=1.01275)
vio_bench: call#18 diag[17] KH=0.0103231 1-KH=0.989677 (rel_gap=0.989677)
vio_bench: call#18 diag[18] KH=-0.000168405 1-KH=1.00017 (rel_gap=1.00017)
vio_bench: call#18 diag[19] KH=-5.6813e-05 1-KH=1.00006 (rel_gap=1.00006)
vio_bench: call#18 diag[20] KH=-0.000155562 1-KH=1.00016 (rel_gap=1.00016)
vio_bench: call#18 diag[21] KH=-0.0365482 1-KH=1.03655 (rel_gap=1.03655)
vio_bench: call#18 diag[22] KH=-0.0278542 1-KH=1.02785 (rel_gap=1.02785)
vio_bench: call#18 diag[23] KH=0.00220776 1-KH=0.997792 (rel_gap=0.997792)
vio_bench: call#18 diag[24] KH=-0.00106072 1-KH=1.00106 (rel_gap=1.00106)
vio_bench: call#18 diag[25] KH=0.000158696 1-KH=0.999841 (rel_gap=0.999841)
vio_bench: call#18 diag[26] KH=-0.00108681 1-KH=1.00109 (rel_gap=1.00109)
vio_bench: call#18 diag[27] KH=-0.0147504 1-KH=1.01475 (rel_gap=1.01475)
vio_bench: call#18 diag[28] KH=-0.0385369 1-KH=1.03854 (rel_gap=1.03854)
vio_bench: call#18 diag[29] KH=0.00154856 1-KH=0.998451 (rel_gap=0.998451)
vio_bench: call#18 diag[30] KH=-0.0013919 1-KH=1.00139 (rel_gap=1.00139)
vio_bench: call#18 diag[31] KH=0.0010907 1-KH=0.998909 (rel_gap=0.998909)
vio_bench: call#18 diag[32] KH=-0.00108166 1-KH=1.00108 (rel_gap=1.00108)
vio_bench: call#18 diag[33] KH=0.00361161 1-KH=0.996388 (rel_gap=0.996388)
vio_bench: call#18 diag[34] KH=-0.0416638 1-KH=1.04166 (rel_gap=1.04166)
vio_bench: call#18 diag[35] KH=0.00480841 1-KH=0.995192 (rel_gap=0.995192)
vio_bench: call#18 diag[36] KH=-0.00141652 1-KH=1.00142 (rel_gap=1.00142)
vio_bench: call#18 diag[37] KH=0.0019955 1-KH=0.998005 (rel_gap=0.998005)
vio_bench: call#18 diag[38] KH=-0.000387151 1-KH=1.00039 (rel_gap=1.00039)
vio_bench: call#18 diag[39] KH=0.0186255 1-KH=0.981375 (rel_gap=0.981375)
vio_bench: call#18 diag[40] KH=-0.0407867 1-KH=1.04079 (rel_gap=1.04079)
vio_bench: call#18 diag[41] KH=0.0115713 1-KH=0.988429 (rel_gap=0.988429)
vio_bench: call#18 diag[42] KH=-0.0015556 1-KH=1.00156 (rel_gap=1.00156)
vio_bench: call#18 diag[43] KH=0.0023335 1-KH=0.997667 (rel_gap=0.997667)
vio_bench: call#18 diag[44] KH=0.000802799 1-KH=0.999197 (rel_gap=0.999197)
vio_bench: call#18 diag[45] KH=0.0292233 1-KH=0.970777 (rel_gap=0.970777)
vio_bench: call#18 diag[46] KH=-0.0376559 1-KH=1.03766 (rel_gap=1.03766)
vio_bench: call#18 diag[47] KH=0.0216377 1-KH=0.978362 (rel_gap=0.978362)
vio_bench: call#18 diag[48] KH=-0.00203289 1-KH=1.00203 (rel_gap=1.00203)
vio_bench: call#18 diag[49] KH=0.00188837 1-KH=0.998112 (rel_gap=0.998112)
vio_bench: call#18 diag[50] KH=0.00230182 1-KH=0.997698 (rel_gap=0.997698)
vio_bench: call#18 diag[51] KH=0.0356272 1-KH=0.964373 (rel_gap=0.964373)
vio_bench: call#18 diag[52] KH=-0.0230981 1-KH=1.0231 (rel_gap=1.0231)
vio_bench: call#18 diag[53] KH=0.0282252 1-KH=0.971775 (rel_gap=0.971775)
vio_bench: call#18 diag[54] KH=-0.00142956 1-KH=1.00143 (rel_gap=1.00143)
vio_bench: call#18 diag[55] KH=0.000606936 1-KH=0.999393 (rel_gap=0.999393)
vio_bench: call#18 diag[56] KH=0.00373452 1-KH=0.996265 (rel_gap=0.996265)
vio_bench: call#18 diag[57] KH=0.0378171 1-KH=0.962183 (rel_gap=0.962183)
vio_bench: call#18 diag[58] KH=0.00649038 1-KH=0.99351 (rel_gap=0.99351)
vio_bench: call#18 diag[59] KH=0.0260789 1-KH=0.973921 (rel_gap=0.973921)
vio_bench: call#18 diag[60] KH=0.00150064 1-KH=0.998499 (rel_gap=0.998499)
vio_bench: call#18 diag[61] KH=-0.00144873 1-KH=1.00145 (rel_gap=1.00145)
vio_bench: call#18 diag[62] KH=0.00465866 1-KH=0.995341 (rel_gap=0.995341)
vio_bench: call#18 diag[63] KH=0.0344075 1-KH=0.965593 (rel_gap=0.965593)
vio_bench: call#18 diag[64] KH=0.0458087 1-KH=0.954191 (rel_gap=0.954191)
vio_bench: call#18 diag[65] KH=0.0137034 1-KH=0.986297 (rel_gap=0.986297)
vio_bench: call#18 diag[66] KH=0.00816637 1-KH=0.991834 (rel_gap=0.991834)
vio_bench: call#18 diag[67] KH=-0.00412365 1-KH=1.00412 (rel_gap=1.00412)
vio_bench: call#18 diag[68] KH=0.00497833 1-KH=0.995022 (rel_gap=0.995022)
vio_bench: call#18 diag[69] KH=0.0240903 1-KH=0.97591 (rel_gap=0.97591)
vio_bench: call#18 diag[70] KH=0.0889988 1-KH=0.911001 (rel_gap=0.911001)
vio_bench: call#18 diag[71] KH=-0.01019 1-KH=1.01019 (rel_gap=1.01019)
vio_bench: call#18 diag[72] KH=0.0203823 1-KH=0.979618 (rel_gap=0.979618)
vio_bench: call#18 diag[73] KH=-0.00745299 1-KH=1.00745 (rel_gap=1.00745)
vio_bench: call#18 diag[74] KH=0.00490224 1-KH=0.995098 (rel_gap=0.995098)
vio_bench: call#18 diag[75] KH=0.00632858 1-KH=0.993671 (rel_gap=0.993671)
vio_bench: call#18 diag[76] KH=0.133685 1-KH=0.866315 (rel_gap=0.866315)
vio_bench: call#18 diag[77] KH=-0.0473028 1-KH=1.0473 (rel_gap=1.0473)
vio_bench: call#18 diag[78] KH=0.0397785 1-KH=0.960221 (rel_gap=0.960221)
vio_bench: call#18 diag[79] KH=-0.0114337 1-KH=1.01143 (rel_gap=1.01143)
vio_bench: call#18 diag[80] KH=0.0045111 1-KH=0.995489 (rel_gap=0.995489)
vio_bench: call#19 diag[0] KH=0 1-KH=1 (rel_gap=1)
vio_bench: call#19 diag[1] KH=0 1-KH=1 (rel_gap=1)
vio_bench: call#19 diag[2] KH=0 1-KH=1 (rel_gap=1)
vio_bench: call#19 diag[3] KH=0 1-KH=1 (rel_gap=1)
vio_bench: call#19 diag[4] KH=0 1-KH=1 (rel_gap=1)
vio_bench: call#19 diag[5] KH=0 1-KH=1 (rel_gap=1)
vio_bench: call#19 diag[6] KH=0 1-KH=1 (rel_gap=1)
vio_bench: call#19 diag[7] KH=0 1-KH=1 (rel_gap=1)
vio_bench: call#19 diag[8] KH=0 1-KH=1 (rel_gap=1)
vio_bench: call#19 diag[9] KH=0 1-KH=1 (rel_gap=1)
vio_bench: call#19 diag[10] KH=0 1-KH=1 (rel_gap=1)
vio_bench: call#19 diag[11] KH=0 1-KH=1 (rel_gap=1)
vio_bench: call#19 diag[12] KH=0 1-KH=1 (rel_gap=1)
vio_bench: call#19 diag[13] KH=0 1-KH=1 (rel_gap=1)
vio_bench: call#19 diag[14] KH=0 1-KH=1 (rel_gap=1)
vio_bench: call#19 diag[15] KH=-0.0226008 1-KH=1.0226 (rel_gap=1.0226)
vio_bench: call#19 diag[16] KH=-0.272924 1-KH=1.27292 (rel_gap=1.27292)
vio_bench: call#19 diag[17] KH=-0.0216237 1-KH=1.02162 (rel_gap=1.02162)
vio_bench: call#19 diag[18] KH=-0.000409246 1-KH=1.00041 (rel_gap=1.00041)
vio_bench: call#19 diag[19] KH=-3.1496e-05 1-KH=1.00003 (rel_gap=1.00003)
vio_bench: call#19 diag[20] KH=0.000109854 1-KH=0.99989 (rel_gap=0.99989)
vio_bench: call#19 diag[21] KH=-0.0079043 1-KH=1.0079 (rel_gap=1.0079)
vio_bench: call#19 diag[22] KH=-0.113243 1-KH=1.11324 (rel_gap=1.11324)
vio_bench: call#19 diag[23] KH=-0.00381305 1-KH=1.00381 (rel_gap=1.00381)
vio_bench: call#19 diag[24] KH=-0.00172637 1-KH=1.00173 (rel_gap=1.00173)
vio_bench: call#19 diag[25] KH=0.000549931 1-KH=0.99945 (rel_gap=0.99945)
vio_bench: call#19 diag[26] KH=0.000607757 1-KH=0.999392 (rel_gap=0.999392)
vio_bench: call#19 diag[27] KH=0.00320116 1-KH=0.996799 (rel_gap=0.996799)
vio_bench: call#19 diag[28] KH=0.00437734 1-KH=0.995623 (rel_gap=0.995623)
vio_bench: call#19 diag[29] KH=0.00934992 1-KH=0.99065 (rel_gap=0.99065)
vio_bench: call#19 diag[30] KH=-0.000334344 1-KH=1.00033 (rel_gap=1.00033)
vio_bench: call#19 diag[31] KH=0.00171423 1-KH=0.998286 (rel_gap=0.998286)
vio_bench: call#19 diag[32] KH=0.00019885 1-KH=0.999801 (rel_gap=0.999801)
vio_bench: call#19 diag[33] KH=0.0126962 1-KH=0.987304 (rel_gap=0.987304)
vio_bench: call#19 diag[34] KH=0.0927635 1-KH=0.907237 (rel_gap=0.907237)
vio_bench: call#19 diag[35] KH=0.0217486 1-KH=0.978251 (rel_gap=0.978251)
vio_bench: call#19 diag[36] KH=0.00176655 1-KH=0.998233 (rel_gap=0.998233)
vio_bench: call#19 diag[37] KH=0.0028177 1-KH=0.997182 (rel_gap=0.997182)
vio_bench: call#19 diag[38] KH=-0.00080178 1-KH=1.0008 (rel_gap=1.0008)
vio_bench: call#19 diag[39] KH=0.0194093 1-KH=0.980591 (rel_gap=0.980591)
vio_bench: call#19 diag[40] KH=0.13193 1-KH=0.86807 (rel_gap=0.86807)
vio_bench: call#19 diag[41] KH=0.0327483 1-KH=0.967252 (rel_gap=0.967252)
vio_bench: call#19 diag[42] KH=0.00284687 1-KH=0.997153 (rel_gap=0.997153)
vio_bench: call#19 diag[43] KH=0.0031026 1-KH=0.996897 (rel_gap=0.996897)
vio_bench: call#19 diag[44] KH=-0.00199223 1-KH=1.00199 (rel_gap=1.00199)
vio_bench: call#19 diag[45] KH=0.0206414 1-KH=0.979359 (rel_gap=0.979359)
vio_bench: call#19 diag[46] KH=0.136267 1-KH=0.863733 (rel_gap=0.863733)
vio_bench: call#19 diag[47] KH=0.0362043 1-KH=0.963796 (rel_gap=0.963796)
vio_bench: call#19 diag[48] KH=0.00258977 1-KH=0.99741 (rel_gap=0.99741)
vio_bench: call#19 diag[49] KH=0.00175807 1-KH=0.998242 (rel_gap=0.998242)
vio_bench: call#19 diag[50] KH=-0.00305952 1-KH=1.00306 (rel_gap=1.00306)
vio_bench: call#19 diag[51] KH=0.019192 1-KH=0.980808 (rel_gap=0.980808)
vio_bench: call#19 diag[52] KH=0.121459 1-KH=0.878541 (rel_gap=0.878541)
vio_bench: call#19 diag[53] KH=0.0362497 1-KH=0.96375 (rel_gap=0.96375)
vio_bench: call#19 diag[54] KH=0.00164504 1-KH=0.998355 (rel_gap=0.998355)
vio_bench: call#19 diag[55] KH=-0.000565281 1-KH=1.00057 (rel_gap=1.00057)
vio_bench: call#19 diag[56] KH=-0.00361481 1-KH=1.00361 (rel_gap=1.00361)
vio_bench: call#19 diag[57] KH=0.0155629 1-KH=0.984437 (rel_gap=0.984437)
vio_bench: call#19 diag[58] KH=0.10199 1-KH=0.89801 (rel_gap=0.89801)
vio_bench: call#19 diag[59] KH=0.0309216 1-KH=0.969078 (rel_gap=0.969078)
vio_bench: call#19 diag[60] KH=0.000301506 1-KH=0.999698 (rel_gap=0.999698)
vio_bench: call#19 diag[61] KH=-0.00350056 1-KH=1.0035 (rel_gap=1.0035)
vio_bench: call#19 diag[62] KH=-0.00338313 1-KH=1.00338 (rel_gap=1.00338)
vio_bench: call#19 diag[63] KH=0.00896592 1-KH=0.991034 (rel_gap=0.991034)
vio_bench: call#19 diag[64] KH=0.0551991 1-KH=0.944801 (rel_gap=0.944801)
vio_bench: call#19 diag[65] KH=0.0233102 1-KH=0.97669 (rel_gap=0.97669)
vio_bench: call#19 diag[66] KH=-0.000803183 1-KH=1.0008 (rel_gap=1.0008)
vio_bench: call#19 diag[67] KH=-0.00639269 1-KH=1.00639 (rel_gap=1.00639)
vio_bench: call#19 diag[68] KH=-0.00180241 1-KH=1.0018 (rel_gap=1.0018)
vio_bench: call#19 diag[69] KH=-0.0010293 1-KH=1.00103 (rel_gap=1.00103)
vio_bench: call#19 diag[70] KH=-0.0217338 1-KH=1.02173 (rel_gap=1.02173)
vio_bench: call#19 diag[71] KH=0.0148872 1-KH=0.985113 (rel_gap=0.985113)
vio_bench: call#19 diag[72] KH=-0.000670207 1-KH=1.00067 (rel_gap=1.00067)
vio_bench: call#19 diag[73] KH=-0.00854815 1-KH=1.00855 (rel_gap=1.00855)
vio_bench: call#19 diag[74] KH=0.00166685 1-KH=0.998333 (rel_gap=0.998333)
vio_bench: call#19 diag[75] KH=-0.0136041 1-KH=1.0136 (rel_gap=1.0136)
vio_bench: call#19 diag[76] KH=-0.160655 1-KH=1.16066 (rel_gap=1.16066)
vio_bench: call#19 diag[77] KH=0.0114187 1-KH=0.988581 (rel_gap=0.988581)
vio_bench: call#19 diag[78] KH=0.0039152 1-KH=0.996085 (rel_gap=0.996085)
vio_bench: call#19 diag[79] KH=-0.00945068 1-KH=1.00945 (rel_gap=1.00945)
vio_bench: call#19 diag[80] KH=0.00812016 1-KH=0.99188 (rel_gap=0.99188)
augment_clone: event#11 new_clone_idx=10 total_clones=11

vio_bench: SLOW frame 17 took 1173.61 ms, tracked 150, state dim 81
augment_clone: event#12 new_clone_idx=10 total_clones=11
augment_clone: event#13 new_clone_idx=10 total_clones=11
augment_clone: event#14 new_clone_idx=10 total_clones=11
augment_clone: event#15 new_clone_idx=10 total_clones=11
augment_clone: event#16 new_clone_idx=10 total_clones=11
augment_clone: event#17 new_clone_idx=10 total_clones=11
augment_clone: event#18 new_clone_idx=10 total_clones=11
augment_clone: event#19 new_clone_idx=10 total_clones=11
augment_clone: event#20 new_clone_idx=10 total_clones=11
augment_clone: event#21 new_clone_idx=10 total_clones=11
augment_clone: event#22 new_clone_idx=10 total_clones=11
vio_bench: processed 29/2912 frames (0%)augment_clone: event#23 new_clone_idx=10 total_clones=11
augment_clone: event#24 new_clone_idx=10 total_clones=11
augment_clone: event#25 new_clone_idx=10 total_clones=11
augment_clone: event#26 new_clone_idx=10 total_clones=11
augment_clone: event#27 new_clone_idx=10 total_clones=11
augment_clone: event#28 new_clone_idx=10 total_clones=11
augment_clone: event#29 new_clone_idx=10 total_clones=11
augment_clone: event#30 new_clone_idx=10 total_clones=11
augment_clone: event#31 new_clone_idx=10 total_clones=11
augment_clone: event#32 new_clone_idx=10 total_clones=11
augment_clone: event#33 new_clone_idx=10 total_clones=11
augment_clone: event#34 new_clone_idx=10 total_clones=11
augment_clone: event#35 new_clone_idx=10 total_clones=11
augment_clone: event#36 new_clone_idx=10 total_clones=11
augment_clone: event#37 new_clone_idx=10 total_clones=11
augment_clone: event#38 new_clone_idx=10 total_clones=11
augment_clone: event#39 new_clone_idx=10 total_clones=11
augment_clone: event#40 new_clone_idx=10 total_clones=11
augment_clone: event#41 new_clone_idx=10 total_clones=11
augment_clone: event#42 new_clone_idx=10 total_clones=11
augment_clone: event#43 new_clone_idx=10 total_clones=11
augment_clone: event#44 new_clone_idx=10 total_clones=11
augment_clone: event#45 new_clone_idx=10 total_clones=11
augment_clone: event#46 new_clone_idx=10 total_clones=11
augment_clone: event#47 new_clone_idx=10 total_clones=11
augment_clone: event#48 new_clone_idx=10 total_clones=11
augment_clone: event#49 new_clone_idx=10 total_clones=11
augment_clone: event#50 new_clone_idx=10 total_clones=11
augment_clone: event#51 new_clone_idx=10 total_clones=11
vio_bench: processed 58/2912 frames (1%)augment_clone: event#52 new_clone_idx=10 total_clones=11
augment_clone: event#53 new_clone_idx=10 total_clones=11
augment_clone: event#54 new_clone_idx=10 total_clones=11
augment_clone: event#55 new_clone_idx=10 total_clones=11
augment_clone: event#56 new_clone_idx=10 total_clones=11
augment_clone: event#57 new_clone_idx=10 total_clones=11
augment_clone: event#58 new_clone_idx=10 total_clones=11
augment_clone: event#59 new_clone_idx=10 total_clones=11
augment_clone: event#60 new_clone_idx=10 total_clones=11
augment_clone: event#61 new_clone_idx=10 total_clones=11
augment_clone: event#62 new_clone_idx=10 total_clones=11
augment_clone: event#63 new_clone_idx=10 total_clones=11
augment_clone: event#64 new_clone_idx=10 total_clones=11
augment_clone: event#65 new_clone_idx=10 total_clones=11
augment_clone: event#66 new_clone_idx=10 total_clones=11
augment_clone: event#67 new_clone_idx=10 total_clones=11
augment_clone: event#68 new_clone_idx=10 total_clones=11
augment_clone: event#69 new_clone_idx=10 total_clones=11
augment_clone: event#70 new_clone_idx=10 total_clones=11
augment_clone: event#71 new_clone_idx=10 total_clones=11
augment_clone: event#72 new_clone_idx=10 total_clones=11
augment_clone: event#73 new_clone_idx=10 total_clones=11
augment_clone: event#74 new_clone_idx=10 total_clones=11
augment_clone: event#75 new_clone_idx=10 total_clones=11
augment_clone: event#76 new_clone_idx=10 total_clones=11
augment_clone: event#77 new_clone_idx=10 total_clones=11
augment_clone: event#78 new_clone_idx=10 total_clones=11
augment_clone: event#79 new_clone_idx=10 total_clones=11
augment_clone: event#80 new_clone_idx=10 total_clones=11
vio_bench: processed 87/2912 frames (2%)augment_clone: event#81 new_clone_idx=10 total_clones=11
augment_clone: event#82 new_clone_idx=10 total_clones=11
augment_clone: event#83 new_clone_idx=10 total_clones=11
augment_clone: event#84 new_clone_idx=10 total_clones=11
augment_clone: event#85 new_clone_idx=10 total_clones=11
augment_clone: event#86 new_clone_idx=10 total_clones=11
augment_clone: event#87 new_clone_idx=10 total_clones=11
augment_clone: event#88 new_clone_idx=10 total_clones=11
augment_clone: event#89 new_clone_idx=10 total_clones=11
augment_clone: event#90 new_clone_idx=10 total_clones=11
augment_clone: event#91 new_clone_idx=10 total_clones=11
augment_clone: event#92 new_clone_idx=10 total_clones=11
augment_clone: event#93 new_clone_idx=10 total_clones=11
augment_clone: event#94 new_clone_idx=10 total_clones=11
augment_clone: event#95 new_clone_idx=10 total_clones=11
augment_clone: event#96 new_clone_idx=10 total_clones=11
augment_clone: event#97 new_clone_idx=10 total_clones=11
augment_clone: event#98 new_clone_idx=10 total_clones=11
augment_clone: event#99 new_clone_idx=10 total_clones=11
augment_clone: event#100 new_clone_idx=10 total_clones=11
augment_clone: event#101 new_clone_idx=10 total_clones=11
augment_clone: event#102 new_clone_idx=10 total_clones=11
augment_clone: event#103 new_clone_idx=10 total_clones=11
augment_clone: event#104 new_clone_idx=10 total_clones=11
augment_clone: event#105 new_clone_idx=10 total_clones=11
augment_clone: event#106 new_clone_idx=10 total_clones=11
augment_clone: event#107 new_clone_idx=10 total_clones=11
augment_clone: event#108 new_clone_idx=10 total_clones=11
augment_clone: event#109 new_clone_idx=10 total_clones=11
vio_bench: processed 116/2912 frames (3%)augment_clone: event#110 new_clone_idx=10 total_clones=11
augment_clone: event#111 new_clone_idx=10 total_clones=11
augment_clone: event#112 new_clone_idx=10 total_clones=11
augment_clone: event#113 new_clone_idx=10 total_clones=11
augment_clone: event#114 new_clone_idx=10 total_clones=11
augment_clone: event#115 new_clone_idx=10 total_clones=11
augment_clone: event#116 new_clone_idx=10 total_clones=11
augment_clone: event#117 new_clone_idx=10 total_clones=11
augment_clone: event#118 new_clone_idx=10 total_clones=11
augment_clone: event#119 new_clone_idx=10 total_clones=11
augment_clone: event#120 new_clone_idx=10 total_clones=11
augment_clone: event#121 new_clone_idx=10 total_clones=11
augment_clone: event#122 new_clone_idx=10 total_clones=11
augment_clone: event#123 new_clone_idx=10 total_clones=11
augment_clone: event#124 new_clone_idx=10 total_clones=11
augment_clone: event#125 new_clone_idx=10 total_clones=11
augment_clone: event#126 new_clone_idx=10 total_clones=11
augment_clone: event#127 new_clone_idx=10 total_clones=11
augment_clone: event#128 new_clone_idx=10 total_clones=11
augment_clone: event#129 new_clone_idx=10 total_clones=11
augment_clone: event#130 new_clone_idx=10 total_clones=11
augment_clone: event#131 new_clone_idx=10 total_clones=11
augment_clone: event#132 new_clone_idx=10 total_clones=11
augment_clone: event#133 new_clone_idx=10 total_clones=11
augment_clone: event#134 new_clone_idx=10 total_clones=11
augment_clone: event#135 new_clone_idx=10 total_clones=11
augment_clone: event#136 new_clone_idx=10 total_clones=11
augment_clone: event#137 new_clone_idx=10 total_clones=11
augment_clone: event#138 new_clone_idx=10 total_clones=11
vio_bench: processed 145/2912 frames (4%)augment_clone: event#139 new_clone_idx=10 total_clones=11
augment_clone: event#140 new_clone_idx=10 total_clones=11
augment_clone: event#141 new_clone_idx=10 total_clones=11
augment_clone: event#142 new_clone_idx=10 total_clones=11
augment_clone: event#143 new_clone_idx=10 total_clones=11
augment_clone: event#144 new_clone_idx=10 total_clones=11
augment_clone: event#145 new_clone_idx=10 total_clones=11
augment_clone: event#146 new_clone_idx=10 total_clones=11
augment_clone: event#147 new_clone_idx=10 total_clones=11
augment_clone: event#148 new_clone_idx=10 total_clones=11
augment_clone: event#149 new_clone_idx=10 total_clones=11
augment_clone: event#150 new_clone_idx=10 total_clones=11
augment_clone: event#151 new_clone_idx=10 total_clones=11
augment_clone: event#152 new_clone_idx=10 total_clones=11
augment_clone: event#153 new_clone_idx=10 total_clones=11
augment_clone: event#154 new_clone_idx=10 total_clones=11
augment_clone: event#155 new_clone_idx=10 total_clones=11
augment_clone: event#156 new_clone_idx=10 total_clones=11
augment_clone: event#157 new_clone_idx=10 total_clones=11
augment_clone: event#158 new_clone_idx=10 total_clones=11
augment_clone: event#159 new_clone_idx=10 total_clones=11
augment_clone: event#160 new_clone_idx=10 total_clones=11
augment_clone: event#161 new_clone_idx=10 total_clones=11
augment_clone: event#162 new_clone_idx=10 total_clones=11
augment_clone: event#163 new_clone_idx=10 total_clones=11
augment_clone: event#164 new_clone_idx=10 total_clones=11
augment_clone: event#165 new_clone_idx=10 total_clones=11
augment_clone: event#166 new_clone_idx=10 total_clones=11
augment_clone: event#167 new_clone_idx=10 total_clones=11
vio_bench: processed 174/2912 frames (5%)augment_clone: event#168 new_clone_idx=10 total_clones=11
augment_clone: event#169 new_clone_idx=10 total_clones=11
augment_clone: event#170 new_clone_idx=10 total_clones=11
augment_clone: event#171 new_clone_idx=10 total_clones=11
augment_clone: event#172 new_clone_idx=10 total_clones=11
augment_clone: event#173 new_clone_idx=10 total_clones=11
augment_clone: event#174 new_clone_idx=10 total_clones=11
augment_clone: event#175 new_clone_idx=10 total_clones=11
augment_clone: event#176 new_clone_idx=10 total_clones=11
augment_clone: event#177 new_clone_idx=10 total_clones=11
augment_clone: event#178 new_clone_idx=10 total_clones=11
augment_clone: event#179 new_clone_idx=10 total_clones=11
augment_clone: event#180 new_clone_idx=10 total_clones=11
augment_clone: event#181 new_clone_idx=10 total_clones=11
augment_clone: event#182 new_clone_idx=10 total_clones=11
augment_clone: event#183 new_clone_idx=10 total_clones=11
augment_clone: event#184 new_clone_idx=10 total_clones=11
augment_clone: event#185 new_clone_idx=10 total_clones=11
augment_clone: event#186 new_clone_idx=10 total_clones=11
augment_clone: event#187 new_clone_idx=10 total_clones=11
augment_clone: event#188 new_clone_idx=10 total_clones=11
augment_clone: event#189 new_clone_idx=10 total_clones=11
augment_clone: event#190 new_clone_idx=10 total_clones=11
augment_clone: event#191 new_clone_idx=10 total_clones=11
augment_clone: event#192 new_clone_idx=10 total_clones=11
augment_clone: event#193 new_clone_idx=10 total_clones=11
augment_clone: event#194 new_clone_idx=10 total_clones=11
augment_clone: event#195 new_clone_idx=10 total_clones=11
augment_clone: event#196 new_clone_idx=10 total_clones=11
vio_bench: processed 203/2912 frames (6%)augment_clone: event#197 new_clone_idx=10 total_clones=11
augment_clone: event#198 new_clone_idx=10 total_clones=11
augment_clone: event#199 new_clone_idx=10 total_clones=11
augment_clone: event#200 new_clone_idx=10 total_clones=11
augment_clone: event#201 new_clone_idx=10 total_clones=11
augment_clone: event#202 new_clone_idx=10 total_clones=11
augment_clone: event#203 new_clone_idx=10 total_clones=11
augment_clone: event#204 new_clone_idx=10 total_clones=11
augment_clone: event#205 new_clone_idx=10 total_clones=11
augment_clone: event#206 new_clone_idx=10 total_clones=11
augment_clone: event#207 new_clone_idx=10 total_clones=11
augment_clone: event#208 new_clone_idx=10 total_clones=11
augment_clone: event#209 new_clone_idx=10 total_clones=11
augment_clone: event#210 new_clone_idx=10 total_clones=11
augment_clone: event#211 new_clone_idx=10 total_clones=11
augment_clone: event#212 new_clone_idx=10 total_clones=11
augment_clone: event#213 new_clone_idx=10 total_clones=11
augment_clone: event#214 new_clone_idx=10 total_clones=11
augment_clone: event#215 new_clone_idx=10 total_clones=11
augment_clone: event#216 new_clone_idx=10 total_clones=11
augment_clone: event#217 new_clone_idx=10 total_clones=11
augment_clone: event#218 new_clone_idx=10 total_clones=11
augment_clone: event#219 new_clone_idx=10 total_clones=11
augment_clone: event#220 new_clone_idx=10 total_clones=11
augment_clone: event#221 new_clone_idx=10 total_clones=11
augment_clone: event#222 new_clone_idx=10 total_clones=11
augment_clone: event#223 new_clone_idx=10 total_clones=11
augment_clone: event#224 new_clone_idx=10 total_clones=11
augment_clone: event#225 new_clone_idx=10 total_clones=11
vio_bench: processed 232/2912 frames (7%)augment_clone: event#226 new_clone_idx=10 total_clones=11
augment_clone: event#227 new_clone_idx=10 total_clones=11
augment_clone: event#228 new_clone_idx=10 total_clones=11
augment_clone: event#229 new_clone_idx=10 total_clones=11
augment_clone: event#230 new_clone_idx=10 total_clones=11
augment_clone: event#231 new_clone_idx=10 total_clones=11
augment_clone: event#232 new_clone_idx=10 total_clones=11
augment_clone: event#233 new_clone_idx=10 total_clones=11
augment_clone: event#234 new_clone_idx=10 total_clones=11
augment_clone: event#235 new_clone_idx=10 total_clones=11
augment_clone: event#236 new_clone_idx=10 total_clones=11
augment_clone: event#237 new_clone_idx=10 total_clones=11
augment_clone: event#238 new_clone_idx=10 total_clones=11
augment_clone: event#239 new_clone_idx=10 total_clones=11
augment_clone: event#240 new_clone_idx=10 total_clones=11
augment_clone: event#241 new_clone_idx=10 total_clones=11
augment_clone: event#242 new_clone_idx=10 total_clones=11
augment_clone: event#243 new_clone_idx=10 total_clones=11
augment_clone: event#244 new_clone_idx=10 total_clones=11
augment_clone: event#245 new_clone_idx=10 total_clones=11
augment_clone: event#246 new_clone_idx=10 total_clones=11
augment_clone: event#247 new_clone_idx=10 total_clones=11
augment_clone: event#248 new_clone_idx=10 total_clones=11
augment_clone: event#249 new_clone_idx=10 total_clones=11
augment_clone: event#250 new_clone_idx=10 total_clones=11
augment_clone: event#251 new_clone_idx=10 total_clones=11
augment_clone: event#252 new_clone_idx=10 total_clones=11
augment_clone: event#253 new_clone_idx=10 total_clones=11
augment_clone: event#254 new_clone_idx=10 total_clones=11
vio_bench: processed 261/2912 frames (8%)augment_clone: event#255 new_clone_idx=10 total_clones=11
augment_clone: event#256 new_clone_idx=10 total_clones=11
augment_clone: event#257 new_clone_idx=10 total_clones=11
augment_clone: event#258 new_clone_idx=10 total_clones=11
augment_clone: event#259 new_clone_idx=10 total_clones=11
augment_clone: event#260 new_clone_idx=10 total_clones=11
augment_clone: event#261 new_clone_idx=10 total_clones=11
augment_clone: event#262 new_clone_idx=10 total_clones=11
augment_clone: event#263 new_clone_idx=10 total_clones=11
augment_clone: event#264 new_clone_idx=10 total_clones=11
augment_clone: event#265 new_clone_idx=10 total_clones=11
augment_clone: event#266 new_clone_idx=10 total_clones=11
augment_clone: event#267 new_clone_idx=10 total_clones=11
augment_clone: event#268 new_clone_idx=10 total_clones=11
augment_clone: event#269 new_clone_idx=10 total_clones=11
augment_clone: event#270 new_clone_idx=10 total_clones=11
augment_clone: event#271 new_clone_idx=10 total_clones=11
augment_clone: event#272 new_clone_idx=10 total_clones=11
augment_clone: event#273 new_clone_idx=10 total_clones=11
augment_clone: event#274 new_clone_idx=10 total_clones=11
augment_clone: event#275 new_clone_idx=10 total_clones=11
augment_clone: event#276 new_clone_idx=10 total_clones=11
augment_clone: event#277 new_clone_idx=10 total_clones=11
augment_clone: event#278 new_clone_idx=10 total_clones=11
augment_clone: event#279 new_clone_idx=10 total_clones=11
augment_clone: event#280 new_clone_idx=10 total_clones=11
augment_clone: event#281 new_clone_idx=10 total_clones=11
augment_clone: event#282 new_clone_idx=10 total_clones=11
augment_clone: event#283 new_clone_idx=10 total_clones=11
vio_bench: processed 290/2912 frames (9%)augment_clone: event#284 new_clone_idx=10 total_clones=11
augment_clone: event#285 new_clone_idx=10 total_clones=11
augment_clone: event#286 new_clone_idx=10 total_clones=11
augment_clone: event#287 new_clone_idx=10 total_clones=11
augment_clone: event#288 new_clone_idx=10 total_clones=11
augment_clone: event#289 new_clone_idx=10 total_clones=11
augment_clone: event#290 new_clone_idx=10 total_clones=11
augment_clone: event#291 new_clone_idx=10 total_clones=11
augment_clone: event#292 new_clone_idx=10 total_clones=11
augment_clone: event#293 new_clone_idx=10 total_clones=11
augment_clone: event#294 new_clone_idx=10 total_clones=11
augment_clone: event#295 new_clone_idx=10 total_clones=11
augment_clone: event#296 new_clone_idx=10 total_clones=11
augment_clone: event#297 new_clone_idx=10 total_clones=11
augment_clone: event#298 new_clone_idx=10 total_clones=11
augment_clone: event#299 new_clone_idx=10 total_clones=11
augment_clone: event#300 new_clone_idx=10 total_clones=11
augment_clone: event#301 new_clone_idx=10 total_clones=11
augment_clone: event#302 new_clone_idx=10 total_clones=11
augment_clone: event#303 new_clone_idx=10 total_clones=11
augment_clone: event#304 new_clone_idx=10 total_clones=11
augment_clone: event#305 new_clone_idx=10 total_clones=11
augment_clone: event#306 new_clone_idx=10 total_clones=11
augment_clone: event#307 new_clone_idx=10 total_clones=11
augment_clone: event#308 new_clone_idx=10 total_clones=11
augment_clone: event#309 new_clone_idx=10 total_clones=11
augment_clone: event#310 new_clone_idx=10 total_clones=11
augment_clone: event#311 new_clone_idx=10 total_clones=11
augment_clone: event#312 new_clone_idx=10 total_clones=11
vio_bench: processed 319/2912 frames (10%)augment_clone: event#313 new_clone_idx=10 total_clones=11
augment_clone: event#314 new_clone_idx=10 total_clones=11
augment_clone: event#315 new_clone_idx=10 total_clones=11
augment_clone: event#316 new_clone_idx=10 total_clones=11
augment_clone: event#317 new_clone_idx=10 total_clones=11
augment_clone: event#318 new_clone_idx=10 total_clones=11
augment_clone: event#319 new_clone_idx=10 total_clones=11
augment_clone: event#320 new_clone_idx=10 total_clones=11
augment_clone: event#321 new_clone_idx=10 total_clones=11
augment_clone: event#322 new_clone_idx=10 total_clones=11
augment_clone: event#323 new_clone_idx=10 total_clones=11
augment_clone: event#324 new_clone_idx=10 total_clones=11
augment_clone: event#325 new_clone_idx=10 total_clones=11
augment_clone: event#326 new_clone_idx=10 total_clones=11
augment_clone: event#327 new_clone_idx=10 total_clones=11
augment_clone: event#328 new_clone_idx=10 total_clones=11
augment_clone: event#329 new_clone_idx=10 total_clones=11
augment_clone: event#330 new_clone_idx=10 total_clones=11
augment_clone: event#331 new_clone_idx=10 total_clones=11
augment_clone: event#332 new_clone_idx=10 total_clones=11
augment_clone: event#333 new_clone_idx=10 total_clones=11
augment_clone: event#334 new_clone_idx=10 total_clones=11
augment_clone: event#335 new_clone_idx=10 total_clones=11
augment_clone: event#336 new_clone_idx=10 total_clones=11
augment_clone: event#337 new_clone_idx=10 total_clones=11
augment_clone: event#338 new_clone_idx=10 total_clones=11
augment_clone: event#339 new_clone_idx=10 total_clones=11
augment_clone: event#340 new_clone_idx=10 total_clones=11
augment_clone: event#341 new_clone_idx=10 total_clones=11
vio_bench: processed 348/2912 frames (11%)augment_clone: event#342 new_clone_idx=10 total_clones=11
augment_clone: event#343 new_clone_idx=10 total_clones=11
augment_clone: event#344 new_clone_idx=10 total_clones=11
augment_clone: event#345 new_clone_idx=10 total_clones=11
augment_clone: event#346 new_clone_idx=10 total_clones=11
augment_clone: event#347 new_clone_idx=10 total_clones=11
augment_clone: event#348 new_clone_idx=10 total_clones=11
augment_clone: event#349 new_clone_idx=10 total_clones=11
augment_clone: event#350 new_clone_idx=10 total_clones=11
augment_clone: event#351 new_clone_idx=10 total_clones=11
augment_clone: event#352 new_clone_idx=10 total_clones=11
augment_clone: event#353 new_clone_idx=10 total_clones=11
augment_clone: event#354 new_clone_idx=10 total_clones=11
augment_clone: event#355 new_clone_idx=10 total_clones=11
augment_clone: event#356 new_clone_idx=10 total_clones=11
augment_clone: event#357 new_clone_idx=10 total_clones=11
augment_clone: event#358 new_clone_idx=10 total_clones=11
augment_clone: event#359 new_clone_idx=10 total_clones=11
augment_clone: event#360 new_clone_idx=10 total_clones=11
augment_clone: event#361 new_clone_idx=10 total_clones=11
augment_clone: event#362 new_clone_idx=10 total_clones=11
augment_clone: event#363 new_clone_idx=10 total_clones=11
augment_clone: event#364 new_clone_idx=10 total_clones=11
augment_clone: event#365 new_clone_idx=10 total_clones=11
augment_clone: event#366 new_clone_idx=10 total_clones=11
augment_clone: event#367 new_clone_idx=10 total_clones=11
augment_clone: event#368 new_clone_idx=10 total_clones=11
augment_clone: event#369 new_clone_idx=10 total_clones=11
augment_clone: event#370 new_clone_idx=10 total_clones=11
vio_bench: processed 377/2912 frames (12%)augment_clone: event#371 new_clone_idx=10 total_clones=11
augment_clone: event#372 new_clone_idx=10 total_clones=11
augment_clone: event#373 new_clone_idx=10 total_clones=11
augment_clone: event#374 new_clone_idx=10 total_clones=11
augment_clone: event#375 new_clone_idx=10 total_clones=11
augment_clone: event#376 new_clone_idx=10 total_clones=11
augment_clone: event#377 new_clone_idx=10 total_clones=11
augment_clone: event#378 new_clone_idx=10 total_clones=11
augment_clone: event#379 new_clone_idx=10 total_clones=11
augment_clone: event#380 new_clone_idx=10 total_clones=11
augment_clone: event#381 new_clone_idx=10 total_clones=11
augment_clone: event#382 new_clone_idx=10 total_clones=11
augment_clone: event#383 new_clone_idx=10 total_clones=11
augment_clone: event#384 new_clone_idx=10 total_clones=11
augment_clone: event#385 new_clone_idx=10 total_clones=11
augment_clone: event#386 new_clone_idx=10 total_clones=11
augment_clone: event#387 new_clone_idx=10 total_clones=11
augment_clone: event#388 new_clone_idx=10 total_clones=11
augment_clone: event#389 new_clone_idx=10 total_clones=11
augment_clone: event#390 new_clone_idx=10 total_clones=11
augment_clone: event#391 new_clone_idx=10 total_clones=11
augment_clone: event#392 new_clone_idx=10 total_clones=11
augment_clone: event#393 new_clone_idx=10 total_clones=11
augment_clone: event#394 new_clone_idx=10 total_clones=11
augment_clone: event#395 new_clone_idx=10 total_clones=11
augment_clone: event#396 new_clone_idx=10 total_clones=11
augment_clone: event#397 new_clone_idx=10 total_clones=11
augment_clone: event#398 new_clone_idx=10 total_clones=11
augment_clone: event#399 new_clone_idx=10 total_clones=11
vio_bench: processed 406/2912 frames (13%)augment_clone: event#400 new_clone_idx=10 total_clones=11
augment_clone: event#401 new_clone_idx=10 total_clones=11
augment_clone: event#402 new_clone_idx=10 total_clones=11
augment_clone: event#403 new_clone_idx=10 total_clones=11
augment_clone: event#404 new_clone_idx=10 total_clones=11
augment_clone: event#405 new_clone_idx=10 total_clones=11
augment_clone: event#406 new_clone_idx=10 total_clones=11
augment_clone: event#407 new_clone_idx=10 total_clones=11
augment_clone: event#408 new_clone_idx=10 total_clones=11
augment_clone: event#409 new_clone_idx=10 total_clones=11
augment_clone: event#410 new_clone_idx=10 total_clones=11
augment_clone: event#411 new_clone_idx=10 total_clones=11
augment_clone: event#412 new_clone_idx=10 total_clones=11
augment_clone: event#413 new_clone_idx=10 total_clones=11
augment_clone: event#414 new_clone_idx=10 total_clones=11
augment_clone: event#415 new_clone_idx=10 total_clones=11
augment_clone: event#416 new_clone_idx=10 total_clones=11
augment_clone: event#417 new_clone_idx=10 total_clones=11
augment_clone: event#418 new_clone_idx=10 total_clones=11
augment_clone: event#419 new_clone_idx=10 total_clones=11
augment_clone: event#420 new_clone_idx=10 total_clones=11
augment_clone: event#421 new_clone_idx=10 total_clones=11
augment_clone: event#422 new_clone_idx=10 total_clones=11
augment_clone: event#423 new_clone_idx=10 total_clones=11
augment_clone: event#424 new_clone_idx=10 total_clones=11
augment_clone: event#425 new_clone_idx=10 total_clones=11
augment_clone: event#426 new_clone_idx=10 total_clones=11
augment_clone: event#427 new_clone_idx=10 total_clones=11
augment_clone: event#428 new_clone_idx=10 total_clones=11
vio_bench: processed 435/2912 frames (14%)augment_clone: event#429 new_clone_idx=10 total_clones=11
augment_clone: event#430 new_clone_idx=10 total_clones=11
augment_clone: event#431 new_clone_idx=10 total_clones=11
augment_clone: event#432 new_clone_idx=10 total_clones=11
augment_clone: event#433 new_clone_idx=10 total_clones=11
augment_clone: event#434 new_clone_idx=10 total_clones=11
augment_clone: event#435 new_clone_idx=10 total_clones=11
augment_clone: event#436 new_clone_idx=10 total_clones=11
augment_clone: event#437 new_clone_idx=10 total_clones=11
augment_clone: event#438 new_clone_idx=10 total_clones=11
augment_clone: event#439 new_clone_idx=10 total_clones=11
augment_clone: event#440 new_clone_idx=10 total_clones=11
augment_clone: event#441 new_clone_idx=10 total_clones=11
augment_clone: event#442 new_clone_idx=10 total_clones=11
augment_clone: event#443 new_clone_idx=10 total_clones=11
augment_clone: event#444 new_clone_idx=10 total_clones=11
augment_clone: event#445 new_clone_idx=10 total_clones=11
augment_clone: event#446 new_clone_idx=10 total_clones=11
augment_clone: event#447 new_clone_idx=10 total_clones=11
augment_clone: event#448 new_clone_idx=10 total_clones=11
augment_clone: event#449 new_clone_idx=10 total_clones=11
augment_clone: event#450 new_clone_idx=10 total_clones=11
augment_clone: event#451 new_clone_idx=10 total_clones=11
augment_clone: event#452 new_clone_idx=10 total_clones=11
augment_clone: event#453 new_clone_idx=10 total_clones=11
augment_clone: event#454 new_clone_idx=10 total_clones=11
augment_clone: event#455 new_clone_idx=10 total_clones=11
augment_clone: event#456 new_clone_idx=10 total_clones=11
augment_clone: event#457 new_clone_idx=10 total_clones=11
vio_bench: processed 464/2912 frames (15%)augment_clone: event#458 new_clone_idx=10 total_clones=11
augment_clone: event#459 new_clone_idx=10 total_clones=11
augment_clone: event#460 new_clone_idx=10 total_clones=11
augment_clone: event#461 new_clone_idx=10 total_clones=11
augment_clone: event#462 new_clone_idx=10 total_clones=11
augment_clone: event#463 new_clone_idx=10 total_clones=11
augment_clone: event#464 new_clone_idx=10 total_clones=11
augment_clone: event#465 new_clone_idx=10 total_clones=11
augment_clone: event#466 new_clone_idx=10 total_clones=11
augment_clone: event#467 new_clone_idx=10 total_clones=11
augment_clone: event#468 new_clone_idx=10 total_clones=11
augment_clone: event#469 new_clone_idx=10 total_clones=11
augment_clone: event#470 new_clone_idx=10 total_clones=11
augment_clone: event#471 new_clone_idx=10 total_clones=11
augment_clone: event#472 new_clone_idx=10 total_clones=11
augment_clone: event#473 new_clone_idx=10 total_clones=11
augment_clone: event#474 new_clone_idx=10 total_clones=11
augment_clone: event#475 new_clone_idx=10 total_clones=11
augment_clone: event#476 new_clone_idx=10 total_clones=11
augment_clone: event#477 new_clone_idx=10 total_clones=11
augment_clone: event#478 new_clone_idx=10 total_clones=11
augment_clone: event#479 new_clone_idx=10 total_clones=11
augment_clone: event#480 new_clone_idx=10 total_clones=11
augment_clone: event#481 new_clone_idx=10 total_clones=11
augment_clone: event#482 new_clone_idx=10 total_clones=11
augment_clone: event#483 new_clone_idx=10 total_clones=11
augment_clone: event#484 new_clone_idx=10 total_clones=11
augment_clone: event#485 new_clone_idx=10 total_clones=11
augment_clone: event#486 new_clone_idx=10 total_clones=11
vio_bench: processed 493/2912 frames (16%)augment_clone: event#487 new_clone_idx=10 total_clones=11
augment_clone: event#488 new_clone_idx=10 total_clones=11
augment_clone: event#489 new_clone_idx=10 total_clones=11
augment_clone: event#490 new_clone_idx=10 total_clones=11
augment_clone: event#491 new_clone_idx=10 total_clones=11
augment_clone: event#492 new_clone_idx=10 total_clones=11
augment_clone: event#493 new_clone_idx=10 total_clones=11
augment_clone: event#494 new_clone_idx=10 total_clones=11
augment_clone: event#495 new_clone_idx=10 total_clones=11
augment_clone: event#496 new_clone_idx=10 total_clones=11
augment_clone: event#497 new_clone_idx=10 total_clones=11
augment_clone: event#498 new_clone_idx=10 total_clones=11
augment_clone: event#499 new_clone_idx=10 total_clones=11
augment_clone: event#500 new_clone_idx=10 total_clones=11
augment_clone: event#501 new_clone_idx=10 total_clones=11
augment_clone: event#502 new_clone_idx=10 total_clones=11
augment_clone: event#503 new_clone_idx=10 total_clones=11
augment_clone: event#504 new_clone_idx=10 total_clones=11
augment_clone: event#505 new_clone_idx=10 total_clones=11
augment_clone: event#506 new_clone_idx=10 total_clones=11
augment_clone: event#507 new_clone_idx=10 total_clones=11
augment_clone: event#508 new_clone_idx=10 total_clones=11
augment_clone: event#509 new_clone_idx=10 total_clones=11
augment_clone: event#510 new_clone_idx=10 total_clones=11
augment_clone: event#511 new_clone_idx=10 total_clones=11
augment_clone: event#512 new_clone_idx=10 total_clones=11
augment_clone: event#513 new_clone_idx=10 total_clones=11
augment_clone: event#514 new_clone_idx=10 total_clones=11
augment_clone: event#515 new_clone_idx=10 total_clones=11
vio_bench: processed 522/2912 frames (17%)augment_clone: event#516 new_clone_idx=10 total_clones=11
augment_clone: event#517 new_clone_idx=10 total_clones=11
augment_clone: event#518 new_clone_idx=10 total_clones=11
augment_clone: event#519 new_clone_idx=10 total_clones=11
augment_clone: event#520 new_clone_idx=10 total_clones=11
augment_clone: event#521 new_clone_idx=10 total_clones=11
augment_clone: event#522 new_clone_idx=10 total_clones=11
augment_clone: event#523 new_clone_idx=10 total_clones=11
augment_clone: event#524 new_clone_idx=10 total_clones=11
augment_clone: event#525 new_clone_idx=10 total_clones=11
augment_clone: event#526 new_clone_idx=10 total_clones=11
augment_clone: event#527 new_clone_idx=10 total_clones=11
augment_clone: event#528 new_clone_idx=10 total_clones=11
augment_clone: event#529 new_clone_idx=10 total_clones=11
augment_clone: event#530 new_clone_idx=10 total_clones=11
augment_clone: event#531 new_clone_idx=10 total_clones=11
augment_clone: event#532 new_clone_idx=10 total_clones=11
augment_clone: event#533 new_clone_idx=10 total_clones=11
augment_clone: event#534 new_clone_idx=10 total_clones=11
augment_clone: event#535 new_clone_idx=10 total_clones=11
augment_clone: event#536 new_clone_idx=10 total_clones=11
augment_clone: event#537 new_clone_idx=10 total_clones=11
augment_clone: event#538 new_clone_idx=10 total_clones=11
augment_clone: event#539 new_clone_idx=10 total_clones=11
augment_clone: event#540 new_clone_idx=10 total_clones=11
augment_clone: event#541 new_clone_idx=10 total_clones=11
augment_clone: event#542 new_clone_idx=10 total_clones=11
augment_clone: event#543 new_clone_idx=10 total_clones=11
augment_clone: event#544 new_clone_idx=10 total_clones=11
vio_bench: processed 551/2912 frames (18%)augment_clone: event#545 new_clone_idx=10 total_clones=11
augment_clone: event#546 new_clone_idx=10 total_clones=11
augment_clone: event#547 new_clone_idx=10 total_clones=11
augment_clone: event#548 new_clone_idx=10 total_clones=11
augment_clone: event#549 new_clone_idx=10 total_clones=11
augment_clone: event#550 new_clone_idx=10 total_clones=11
augment_clone: event#551 new_clone_idx=10 total_clones=11
augment_clone: event#552 new_clone_idx=10 total_clones=11
augment_clone: event#553 new_clone_idx=10 total_clones=11
augment_clone: event#554 new_clone_idx=10 total_clones=11
augment_clone: event#555 new_clone_idx=10 total_clones=11
augment_clone: event#556 new_clone_idx=10 total_clones=11
augment_clone: event#557 new_clone_idx=10 total_clones=11
augment_clone: event#558 new_clone_idx=10 total_clones=11
augment_clone: event#559 new_clone_idx=10 total_clones=11
augment_clone: event#560 new_clone_idx=10 total_clones=11
augment_clone: event#561 new_clone_idx=10 total_clones=11
augment_clone: event#562 new_clone_idx=10 total_clones=11
augment_clone: event#563 new_clone_idx=10 total_clones=11
augment_clone: event#564 new_clone_idx=10 total_clones=11
augment_clone: event#565 new_clone_idx=10 total_clones=11
augment_clone: event#566 new_clone_idx=10 total_clones=11
augment_clone: event#567 new_clone_idx=10 total_clones=11
augment_clone: event#568 new_clone_idx=10 total_clones=11
augment_clone: event#569 new_clone_idx=10 total_clones=11
augment_clone: event#570 new_clone_idx=10 total_clones=11
augment_clone: event#571 new_clone_idx=10 total_clones=11
augment_clone: event#572 new_clone_idx=10 total_clones=11
augment_clone: event#573 new_clone_idx=10 total_clones=11
vio_bench: processed 580/2912 frames (19%)augment_clone: event#574 new_clone_idx=10 total_clones=11
augment_clone: event#575 new_clone_idx=10 total_clones=11
augment_clone: event#576 new_clone_idx=10 total_clones=11
augment_clone: event#577 new_clone_idx=10 total_clones=11
augment_clone: event#578 new_clone_idx=10 total_clones=11
augment_clone: event#579 new_clone_idx=10 total_clones=11
augment_clone: event#580 new_clone_idx=10 total_clones=11
augment_clone: event#581 new_clone_idx=10 total_clones=11
augment_clone: event#582 new_clone_idx=10 total_clones=11
augment_clone: event#583 new_clone_idx=10 total_clones=11
augment_clone: event#584 new_clone_idx=10 total_clones=11
augment_clone: event#585 new_clone_idx=10 total_clones=11
augment_clone: event#586 new_clone_idx=10 total_clones=11
augment_clone: event#587 new_clone_idx=10 total_clones=11
augment_clone: event#588 new_clone_idx=10 total_clones=11
augment_clone: event#589 new_clone_idx=10 total_clones=11
augment_clone: event#590 new_clone_idx=10 total_clones=11
augment_clone: event#591 new_clone_idx=10 total_clones=11
augment_clone: event#592 new_clone_idx=10 total_clones=11
augment_clone: event#593 new_clone_idx=10 total_clones=11
augment_clone: event#594 new_clone_idx=10 total_clones=11
augment_clone: event#595 new_clone_idx=10 total_clones=11
augment_clone: event#596 new_clone_idx=10 total_clones=11
augment_clone: event#597 new_clone_idx=10 total_clones=11
augment_clone: event#598 new_clone_idx=10 total_clones=11
augment_clone: event#599 new_clone_idx=10 total_clones=11
augment_clone: event#600 new_clone_idx=10 total_clones=11
augment_clone: event#601 new_clone_idx=10 total_clones=11
augment_clone: event#602 new_clone_idx=10 total_clones=11
vio_bench: processed 609/2912 frames (20%)augment_clone: event#603 new_clone_idx=10 total_clones=11
augment_clone: event#604 new_clone_idx=10 total_clones=11
augment_clone: event#605 new_clone_idx=10 total_clones=11
augment_clone: event#606 new_clone_idx=10 total_clones=11
augment_clone: event#607 new_clone_idx=10 total_clones=11
augment_clone: event#608 new_clone_idx=10 total_clones=11
augment_clone: event#609 new_clone_idx=10 total_clones=11
augment_clone: event#610 new_clone_idx=10 total_clones=11
augment_clone: event#611 new_clone_idx=10 total_clones=11
augment_clone: event#612 new_clone_idx=10 total_clones=11
augment_clone: event#613 new_clone_idx=10 total_clones=11
augment_clone: event#614 new_clone_idx=10 total_clones=11
augment_clone: event#615 new_clone_idx=10 total_clones=11
augment_clone: event#616 new_clone_idx=10 total_clones=11
augment_clone: event#617 new_clone_idx=10 total_clones=11
augment_clone: event#618 new_clone_idx=10 total_clones=11
augment_clone: event#619 new_clone_idx=10 total_clones=11
augment_clone: event#620 new_clone_idx=10 total_clones=11
augment_clone: event#621 new_clone_idx=10 total_clones=11
augment_clone: event#622 new_clone_idx=10 total_clones=11
augment_clone: event#623 new_clone_idx=10 total_clones=11
augment_clone: event#624 new_clone_idx=10 total_clones=11
augment_clone: event#625 new_clone_idx=10 total_clones=11
augment_clone: event#626 new_clone_idx=10 total_clones=11
augment_clone: event#627 new_clone_idx=10 total_clones=11
augment_clone: event#628 new_clone_idx=10 total_clones=11
augment_clone: event#629 new_clone_idx=10 total_clones=11
augment_clone: event#630 new_clone_idx=10 total_clones=11
augment_clone: event#631 new_clone_idx=10 total_clones=11
vio_bench: processed 638/2912 frames (21%)augment_clone: event#632 new_clone_idx=10 total_clones=11
augment_clone: event#633 new_clone_idx=10 total_clones=11
augment_clone: event#634 new_clone_idx=10 total_clones=11
augment_clone: event#635 new_clone_idx=10 total_clones=11
augment_clone: event#636 new_clone_idx=10 total_clones=11
augment_clone: event#637 new_clone_idx=10 total_clones=11
augment_clone: event#638 new_clone_idx=10 total_clones=11
augment_clone: event#639 new_clone_idx=10 total_clones=11
augment_clone: event#640 new_clone_idx=10 total_clones=11
augment_clone: event#641 new_clone_idx=10 total_clones=11
augment_clone: event#642 new_clone_idx=10 total_clones=11
augment_clone: event#643 new_clone_idx=10 total_clones=11
augment_clone: event#644 new_clone_idx=10 total_clones=11
augment_clone: event#645 new_clone_idx=10 total_clones=11
augment_clone: event#646 new_clone_idx=10 total_clones=11
augment_clone: event#647 new_clone_idx=10 total_clones=11
augment_clone: event#648 new_clone_idx=10 total_clones=11
augment_clone: event#649 new_clone_idx=10 total_clones=11
augment_clone: event#650 new_clone_idx=10 total_clones=11
augment_clone: event#651 new_clone_idx=10 total_clones=11
augment_clone: event#652 new_clone_idx=10 total_clones=11
augment_clone: event#653 new_clone_idx=10 total_clones=11
augment_clone: event#654 new_clone_idx=10 total_clones=11
augment_clone: event#655 new_clone_idx=10 total_clones=11
augment_clone: event#656 new_clone_idx=10 total_clones=11
augment_clone: event#657 new_clone_idx=10 total_clones=11
augment_clone: event#658 new_clone_idx=10 total_clones=11
augment_clone: event#659 new_clone_idx=10 total_clones=11
augment_clone: event#660 new_clone_idx=10 total_clones=11
vio_bench: processed 667/2912 frames (22%)augment_clone: event#661 new_clone_idx=10 total_clones=11
augment_clone: event#662 new_clone_idx=10 total_clones=11
augment_clone: event#663 new_clone_idx=10 total_clones=11
augment_clone: event#664 new_clone_idx=10 total_clones=11
augment_clone: event#665 new_clone_idx=10 total_clones=11
augment_clone: event#666 new_clone_idx=10 total_clones=11
augment_clone: event#667 new_clone_idx=10 total_clones=11
augment_clone: event#668 new_clone_idx=10 total_clones=11
augment_clone: event#669 new_clone_idx=10 total_clones=11
augment_clone: event#670 new_clone_idx=10 total_clones=11
augment_clone: event#671 new_clone_idx=10 total_clones=11
augment_clone: event#672 new_clone_idx=10 total_clones=11
augment_clone: event#673 new_clone_idx=10 total_clones=11
augment_clone: event#674 new_clone_idx=10 total_clones=11
augment_clone: event#675 new_clone_idx=10 total_clones=11
augment_clone: event#676 new_clone_idx=10 total_clones=11
augment_clone: event#677 new_clone_idx=10 total_clones=11
augment_clone: event#678 new_clone_idx=10 total_clones=11
augment_clone: event#679 new_clone_idx=10 total_clones=11
augment_clone: event#680 new_clone_idx=10 total_clones=11
augment_clone: event#681 new_clone_idx=10 total_clones=11
augment_clone: event#682 new_clone_idx=10 total_clones=11
augment_clone: event#683 new_clone_idx=10 total_clones=11
augment_clone: event#684 new_clone_idx=10 total_clones=11
augment_clone: event#685 new_clone_idx=10 total_clones=11
augment_clone: event#686 new_clone_idx=10 total_clones=11
augment_clone: event#687 new_clone_idx=10 total_clones=11
augment_clone: event#688 new_clone_idx=10 total_clones=11
augment_clone: event#689 new_clone_idx=10 total_clones=11
vio_bench: processed 696/2912 frames (23%)augment_clone: event#690 new_clone_idx=10 total_clones=11
augment_clone: event#691 new_clone_idx=10 total_clones=11
augment_clone: event#692 new_clone_idx=10 total_clones=11
augment_clone: event#693 new_clone_idx=10 total_clones=11
augment_clone: event#694 new_clone_idx=10 total_clones=11
augment_clone: event#695 new_clone_idx=10 total_clones=11
augment_clone: event#696 new_clone_idx=10 total_clones=11
augment_clone: event#697 new_clone_idx=10 total_clones=11
augment_clone: event#698 new_clone_idx=10 total_clones=11
augment_clone: event#699 new_clone_idx=10 total_clones=11
augment_clone: event#700 new_clone_idx=10 total_clones=11
augment_clone: event#701 new_clone_idx=10 total_clones=11
augment_clone: event#702 new_clone_idx=10 total_clones=11
augment_clone: event#703 new_clone_idx=10 total_clones=11
augment_clone: event#704 new_clone_idx=10 total_clones=11
augment_clone: event#705 new_clone_idx=10 total_clones=11
augment_clone: event#706 new_clone_idx=10 total_clones=11
augment_clone: event#707 new_clone_idx=10 total_clones=11
augment_clone: event#708 new_clone_idx=10 total_clones=11
augment_clone: event#709 new_clone_idx=10 total_clones=11
augment_clone: event#710 new_clone_idx=10 total_clones=11
augment_clone: event#711 new_clone_idx=10 total_clones=11
augment_clone: event#712 new_clone_idx=10 total_clones=11
augment_clone: event#713 new_clone_idx=10 total_clones=11
augment_clone: event#714 new_clone_idx=10 total_clones=11
augment_clone: event#715 new_clone_idx=10 total_clones=11
augment_clone: event#716 new_clone_idx=10 total_clones=11
augment_clone: event#717 new_clone_idx=10 total_clones=11
augment_clone: event#718 new_clone_idx=10 total_clones=11
vio_bench: processed 725/2912 frames (24%)augment_clone: event#719 new_clone_idx=10 total_clones=11
augment_clone: event#720 new_clone_idx=10 total_clones=11
augment_clone: event#721 new_clone_idx=10 total_clones=11
augment_clone: event#722 new_clone_idx=10 total_clones=11
augment_clone: event#723 new_clone_idx=10 total_clones=11
augment_clone: event#724 new_clone_idx=10 total_clones=11
augment_clone: event#725 new_clone_idx=10 total_clones=11
augment_clone: event#726 new_clone_idx=10 total_clones=11
augment_clone: event#727 new_clone_idx=10 total_clones=11
augment_clone: event#728 new_clone_idx=10 total_clones=11
augment_clone: event#729 new_clone_idx=10 total_clones=11
augment_clone: event#730 new_clone_idx=10 total_clones=11
augment_clone: event#731 new_clone_idx=10 total_clones=11
augment_clone: event#732 new_clone_idx=10 total_clones=11
augment_clone: event#733 new_clone_idx=10 total_clones=11
augment_clone: event#734 new_clone_idx=10 total_clones=11
augment_clone: event#735 new_clone_idx=10 total_clones=11
augment_clone: event#736 new_clone_idx=10 total_clones=11
augment_clone: event#737 new_clone_idx=10 total_clones=11
augment_clone: event#738 new_clone_idx=10 total_clones=11
augment_clone: event#739 new_clone_idx=10 total_clones=11
augment_clone: event#740 new_clone_idx=10 total_clones=11
augment_clone: event#741 new_clone_idx=10 total_clones=11
augment_clone: event#742 new_clone_idx=10 total_clones=11
augment_clone: event#743 new_clone_idx=10 total_clones=11
augment_clone: event#744 new_clone_idx=10 total_clones=11
augment_clone: event#745 new_clone_idx=10 total_clones=11
augment_clone: event#746 new_clone_idx=10 total_clones=11
augment_clone: event#747 new_clone_idx=10 total_clones=11
vio_bench: processed 754/2912 frames (25%)augment_clone: event#748 new_clone_idx=10 total_clones=11
augment_clone: event#749 new_clone_idx=10 total_clones=11
augment_clone: event#750 new_clone_idx=10 total_clones=11
augment_clone: event#751 new_clone_idx=10 total_clones=11
augment_clone: event#752 new_clone_idx=10 total_clones=11
augment_clone: event#753 new_clone_idx=10 total_clones=11
augment_clone: event#754 new_clone_idx=10 total_clones=11
augment_clone: event#755 new_clone_idx=10 total_clones=11
augment_clone: event#756 new_clone_idx=10 total_clones=11
augment_clone: event#757 new_clone_idx=10 total_clones=11
augment_clone: event#758 new_clone_idx=10 total_clones=11
augment_clone: event#759 new_clone_idx=10 total_clones=11
augment_clone: event#760 new_clone_idx=10 total_clones=11
augment_clone: event#761 new_clone_idx=10 total_clones=11
augment_clone: event#762 new_clone_idx=10 total_clones=11
augment_clone: event#763 new_clone_idx=10 total_clones=11
augment_clone: event#764 new_clone_idx=10 total_clones=11
augment_clone: event#765 new_clone_idx=10 total_clones=11
augment_clone: event#766 new_clone_idx=10 total_clones=11
augment_clone: event#767 new_clone_idx=10 total_clones=11
augment_clone: event#768 new_clone_idx=10 total_clones=11
augment_clone: event#769 new_clone_idx=10 total_clones=11
augment_clone: event#770 new_clone_idx=10 total_clones=11
augment_clone: event#771 new_clone_idx=10 total_clones=11
augment_clone: event#772 new_clone_idx=10 total_clones=11
augment_clone: event#773 new_clone_idx=10 total_clones=11
augment_clone: event#774 new_clone_idx=10 total_clones=11
augment_clone: event#775 new_clone_idx=10 total_clones=11
augment_clone: event#776 new_clone_idx=10 total_clones=11
vio_bench: processed 783/2912 frames (26%)augment_clone: event#777 new_clone_idx=10 total_clones=11
augment_clone: event#778 new_clone_idx=10 total_clones=11
augment_clone: event#779 new_clone_idx=10 total_clones=11
augment_clone: event#780 new_clone_idx=10 total_clones=11
augment_clone: event#781 new_clone_idx=10 total_clones=11
augment_clone: event#782 new_clone_idx=10 total_clones=11
augment_clone: event#783 new_clone_idx=10 total_clones=11
augment_clone: event#784 new_clone_idx=10 total_clones=11
augment_clone: event#785 new_clone_idx=10 total_clones=11
augment_clone: event#786 new_clone_idx=10 total_clones=11
augment_clone: event#787 new_clone_idx=10 total_clones=11
augment_clone: event#788 new_clone_idx=10 total_clones=11
augment_clone: event#789 new_clone_idx=10 total_clones=11
augment_clone: event#790 new_clone_idx=10 total_clones=11
augment_clone: event#791 new_clone_idx=10 total_clones=11
augment_clone: event#792 new_clone_idx=10 total_clones=11
augment_clone: event#793 new_clone_idx=10 total_clones=11
augment_clone: event#794 new_clone_idx=10 total_clones=11
augment_clone: event#795 new_clone_idx=10 total_clones=11
augment_clone: event#796 new_clone_idx=10 total_clones=11
augment_clone: event#797 new_clone_idx=10 total_clones=11
augment_clone: event#798 new_clone_idx=10 total_clones=11
augment_clone: event#799 new_clone_idx=10 total_clones=11
augment_clone: event#800 new_clone_idx=10 total_clones=11
augment_clone: event#801 new_clone_idx=10 total_clones=11
augment_clone: event#802 new_clone_idx=10 total_clones=11
augment_clone: event#803 new_clone_idx=10 total_clones=11
augment_clone: event#804 new_clone_idx=10 total_clones=11
augment_clone: event#805 new_clone_idx=10 total_clones=11
vio_bench: processed 812/2912 frames (27%)augment_clone: event#806 new_clone_idx=10 total_clones=11
augment_clone: event#807 new_clone_idx=10 total_clones=11
augment_clone: event#808 new_clone_idx=10 total_clones=11
augment_clone: event#809 new_clone_idx=10 total_clones=11
augment_clone: event#810 new_clone_idx=10 total_clones=11
augment_clone: event#811 new_clone_idx=10 total_clones=11
augment_clone: event#812 new_clone_idx=10 total_clones=11
augment_clone: event#813 new_clone_idx=10 total_clones=11
augment_clone: event#814 new_clone_idx=10 total_clones=11
augment_clone: event#815 new_clone_idx=10 total_clones=11
augment_clone: event#816 new_clone_idx=10 total_clones=11
augment_clone: event#817 new_clone_idx=10 total_clones=11
augment_clone: event#818 new_clone_idx=10 total_clones=11
augment_clone: event#819 new_clone_idx=10 total_clones=11
augment_clone: event#820 new_clone_idx=10 total_clones=11
augment_clone: event#821 new_clone_idx=10 total_clones=11
augment_clone: event#822 new_clone_idx=10 total_clones=11
augment_clone: event#823 new_clone_idx=10 total_clones=11
augment_clone: event#824 new_clone_idx=10 total_clones=11
augment_clone: event#825 new_clone_idx=10 total_clones=11
augment_clone: event#826 new_clone_idx=10 total_clones=11
augment_clone: event#827 new_clone_idx=10 total_clones=11
augment_clone: event#828 new_clone_idx=10 total_clones=11
augment_clone: event#829 new_clone_idx=10 total_clones=11
augment_clone: event#830 new_clone_idx=10 total_clones=11
augment_clone: event#831 new_clone_idx=10 total_clones=11
augment_clone: event#832 new_clone_idx=10 total_clones=11
augment_clone: event#833 new_clone_idx=10 total_clones=11
augment_clone: event#834 new_clone_idx=10 total_clones=11
vio_bench: processed 841/2912 frames (28%)augment_clone: event#835 new_clone_idx=10 total_clones=11
augment_clone: event#836 new_clone_idx=10 total_clones=11
augment_clone: event#837 new_clone_idx=10 total_clones=11
augment_clone: event#838 new_clone_idx=10 total_clones=11
augment_clone: event#839 new_clone_idx=10 total_clones=11
augment_clone: event#840 new_clone_idx=10 total_clones=11
augment_clone: event#841 new_clone_idx=10 total_clones=11
augment_clone: event#842 new_clone_idx=10 total_clones=11
augment_clone: event#843 new_clone_idx=10 total_clones=11
augment_clone: event#844 new_clone_idx=10 total_clones=11
augment_clone: event#845 new_clone_idx=10 total_clones=11
augment_clone: event#846 new_clone_idx=10 total_clones=11
augment_clone: event#847 new_clone_idx=10 total_clones=11
augment_clone: event#848 new_clone_idx=10 total_clones=11
augment_clone: event#849 new_clone_idx=10 total_clones=11
augment_clone: event#850 new_clone_idx=10 total_clones=11
augment_clone: event#851 new_clone_idx=10 total_clones=11
augment_clone: event#852 new_clone_idx=10 total_clones=11
augment_clone: event#853 new_clone_idx=10 total_clones=11
augment_clone: event#854 new_clone_idx=10 total_clones=11
augment_clone: event#855 new_clone_idx=10 total_clones=11
augment_clone: event#856 new_clone_idx=10 total_clones=11
augment_clone: event#857 new_clone_idx=10 total_clones=11
augment_clone: event#858 new_clone_idx=10 total_clones=11
augment_clone: event#859 new_clone_idx=10 total_clones=11
augment_clone: event#860 new_clone_idx=10 total_clones=11
augment_clone: event#861 new_clone_idx=10 total_clones=11
augment_clone: event#862 new_clone_idx=10 total_clones=11
augment_clone: event#863 new_clone_idx=10 total_clones=11
vio_bench: processed 870/2912 frames (29%)augment_clone: event#864 new_clone_idx=10 total_clones=11
augment_clone: event#865 new_clone_idx=10 total_clones=11
augment_clone: event#866 new_clone_idx=10 total_clones=11
augment_clone: event#867 new_clone_idx=10 total_clones=11
augment_clone: event#868 new_clone_idx=10 total_clones=11
augment_clone: event#869 new_clone_idx=10 total_clones=11
augment_clone: event#870 new_clone_idx=10 total_clones=11
augment_clone: event#871 new_clone_idx=10 total_clones=11
augment_clone: event#872 new_clone_idx=10 total_clones=11
augment_clone: event#873 new_clone_idx=10 total_clones=11
augment_clone: event#874 new_clone_idx=10 total_clones=11
augment_clone: event#875 new_clone_idx=10 total_clones=11
augment_clone: event#876 new_clone_idx=10 total_clones=11
augment_clone: event#877 new_clone_idx=10 total_clones=11
augment_clone: event#878 new_clone_idx=10 total_clones=11
augment_clone: event#879 new_clone_idx=10 total_clones=11
augment_clone: event#880 new_clone_idx=10 total_clones=11
augment_clone: event#881 new_clone_idx=10 total_clones=11
augment_clone: event#882 new_clone_idx=10 total_clones=11
augment_clone: event#883 new_clone_idx=10 total_clones=11
augment_clone: event#884 new_clone_idx=10 total_clones=11
augment_clone: event#885 new_clone_idx=10 total_clones=11
augment_clone: event#886 new_clone_idx=10 total_clones=11
augment_clone: event#887 new_clone_idx=10 total_clones=11
augment_clone: event#888 new_clone_idx=10 total_clones=11
augment_clone: event#889 new_clone_idx=10 total_clones=11
augment_clone: event#890 new_clone_idx=10 total_clones=11
augment_clone: event#891 new_clone_idx=10 total_clones=11
augment_clone: event#892 new_clone_idx=10 total_clones=11
vio_bench: processed 899/2912 frames (30%)augment_clone: event#893 new_clone_idx=10 total_clones=11
augment_clone: event#894 new_clone_idx=10 total_clones=11
augment_clone: event#895 new_clone_idx=10 total_clones=11
augment_clone: event#896 new_clone_idx=10 total_clones=11
augment_clone: event#897 new_clone_idx=10 total_clones=11
augment_clone: event#898 new_clone_idx=10 total_clones=11
augment_clone: event#899 new_clone_idx=10 total_clones=11
augment_clone: event#900 new_clone_idx=10 total_clones=11
augment_clone: event#901 new_clone_idx=10 total_clones=11
augment_clone: event#902 new_clone_idx=10 total_clones=11
augment_clone: event#903 new_clone_idx=10 total_clones=11
augment_clone: event#904 new_clone_idx=10 total_clones=11
augment_clone: event#905 new_clone_idx=10 total_clones=11
augment_clone: event#906 new_clone_idx=10 total_clones=11
augment_clone: event#907 new_clone_idx=10 total_clones=11
augment_clone: event#908 new_clone_idx=10 total_clones=11
augment_clone: event#909 new_clone_idx=10 total_clones=11
augment_clone: event#910 new_clone_idx=10 total_clones=11
augment_clone: event#911 new_clone_idx=10 total_clones=11
augment_clone: event#912 new_clone_idx=10 total_clones=11
augment_clone: event#913 new_clone_idx=10 total_clones=11
augment_clone: event#914 new_clone_idx=10 total_clones=11
augment_clone: event#915 new_clone_idx=10 total_clones=11
augment_clone: event#916 new_clone_idx=10 total_clones=11
augment_clone: event#917 new_clone_idx=10 total_clones=11
augment_clone: event#918 new_clone_idx=10 total_clones=11
augment_clone: event#919 new_clone_idx=10 total_clones=11
augment_clone: event#920 new_clone_idx=10 total_clones=11
augment_clone: event#921 new_clone_idx=10 total_clones=11
vio_bench: processed 928/2912 frames (31%)augment_clone: event#922 new_clone_idx=10 total_clones=11
augment_clone: event#923 new_clone_idx=10 total_clones=11
augment_clone: event#924 new_clone_idx=10 total_clones=11
augment_clone: event#925 new_clone_idx=10 total_clones=11
augment_clone: event#926 new_clone_idx=10 total_clones=11
augment_clone: event#927 new_clone_idx=10 total_clones=11
augment_clone: event#928 new_clone_idx=10 total_clones=11
augment_clone: event#929 new_clone_idx=10 total_clones=11
augment_clone: event#930 new_clone_idx=10 total_clones=11
augment_clone: event#931 new_clone_idx=10 total_clones=11
augment_clone: event#932 new_clone_idx=10 total_clones=11
augment_clone: event#933 new_clone_idx=10 total_clones=11
augment_clone: event#934 new_clone_idx=10 total_clones=11
augment_clone: event#935 new_clone_idx=10 total_clones=11
augment_clone: event#936 new_clone_idx=10 total_clones=11
augment_clone: event#937 new_clone_idx=10 total_clones=11
augment_clone: event#938 new_clone_idx=10 total_clones=11
augment_clone: event#939 new_clone_idx=10 total_clones=11
augment_clone: event#940 new_clone_idx=10 total_clones=11
augment_clone: event#941 new_clone_idx=10 total_clones=11
augment_clone: event#942 new_clone_idx=10 total_clones=11
augment_clone: event#943 new_clone_idx=10 total_clones=11
augment_clone: event#944 new_clone_idx=10 total_clones=11
augment_clone: event#945 new_clone_idx=10 total_clones=11
augment_clone: event#946 new_clone_idx=10 total_clones=11
augment_clone: event#947 new_clone_idx=10 total_clones=11
augment_clone: event#948 new_clone_idx=10 total_clones=11
augment_clone: event#949 new_clone_idx=10 total_clones=11
augment_clone: event#950 new_clone_idx=10 total_clones=11
vio_bench: processed 957/2912 frames (32%)augment_clone: event#951 new_clone_idx=10 total_clones=11
augment_clone: event#952 new_clone_idx=10 total_clones=11
augment_clone: event#953 new_clone_idx=10 total_clones=11
augment_clone: event#954 new_clone_idx=10 total_clones=11
augment_clone: event#955 new_clone_idx=10 total_clones=11
augment_clone: event#956 new_clone_idx=10 total_clones=11
augment_clone: event#957 new_clone_idx=10 total_clones=11
augment_clone: event#958 new_clone_idx=10 total_clones=11
augment_clone: event#959 new_clone_idx=10 total_clones=11
augment_clone: event#960 new_clone_idx=10 total_clones=11
augment_clone: event#961 new_clone_idx=10 total_clones=11
augment_clone: event#962 new_clone_idx=10 total_clones=11
augment_clone: event#963 new_clone_idx=10 total_clones=11
augment_clone: event#964 new_clone_idx=10 total_clones=11
augment_clone: event#965 new_clone_idx=10 total_clones=11
augment_clone: event#966 new_clone_idx=10 total_clones=11
augment_clone: event#967 new_clone_idx=10 total_clones=11
augment_clone: event#968 new_clone_idx=10 total_clones=11
augment_clone: event#969 new_clone_idx=10 total_clones=11
augment_clone: event#970 new_clone_idx=10 total_clones=11
augment_clone: event#971 new_clone_idx=10 total_clones=11
augment_clone: event#972 new_clone_idx=10 total_clones=11
augment_clone: event#973 new_clone_idx=10 total_clones=11
augment_clone: event#974 new_clone_idx=10 total_clones=11
augment_clone: event#975 new_clone_idx=10 total_clones=11
augment_clone: event#976 new_clone_idx=10 total_clones=11
augment_clone: event#977 new_clone_idx=10 total_clones=11
augment_clone: event#978 new_clone_idx=10 total_clones=11
augment_clone: event#979 new_clone_idx=10 total_clones=11
vio_bench: processed 986/2912 frames (33%)augment_clone: event#980 new_clone_idx=10 total_clones=11
augment_clone: event#981 new_clone_idx=10 total_clones=11
augment_clone: event#982 new_clone_idx=10 total_clones=11
augment_clone: event#983 new_clone_idx=10 total_clones=11
augment_clone: event#984 new_clone_idx=10 total_clones=11
augment_clone: event#985 new_clone_idx=10 total_clones=11
augment_clone: event#986 new_clone_idx=10 total_clones=11
augment_clone: event#987 new_clone_idx=10 total_clones=11
augment_clone: event#988 new_clone_idx=10 total_clones=11
augment_clone: event#989 new_clone_idx=10 total_clones=11
augment_clone: event#990 new_clone_idx=10 total_clones=11
augment_clone: event#991 new_clone_idx=10 total_clones=11
augment_clone: event#992 new_clone_idx=10 total_clones=11
augment_clone: event#993 new_clone_idx=10 total_clones=11
augment_clone: event#994 new_clone_idx=10 total_clones=11
augment_clone: event#995 new_clone_idx=10 total_clones=11
augment_clone: event#996 new_clone_idx=10 total_clones=11
augment_clone: event#997 new_clone_idx=10 total_clones=11
augment_clone: event#998 new_clone_idx=10 total_clones=11
augment_clone: event#999 new_clone_idx=10 total_clones=11
augment_clone: event#1000 new_clone_idx=10 total_clones=11
augment_clone: event#1001 new_clone_idx=10 total_clones=11
augment_clone: event#1002 new_clone_idx=10 total_clones=11
augment_clone: event#1003 new_clone_idx=10 total_clones=11
augment_clone: event#1004 new_clone_idx=10 total_clones=11
augment_clone: event#1005 new_clone_idx=10 total_clones=11
augment_clone: event#1006 new_clone_idx=10 total_clones=11
augment_clone: event#1007 new_clone_idx=10 total_clones=11
augment_clone: event#1008 new_clone_idx=10 total_clones=11
vio_bench: processed 1015/2912 frames (34%)augment_clone: event#1009 new_clone_idx=10 total_clones=11
augment_clone: event#1010 new_clone_idx=10 total_clones=11
augment_clone: event#1011 new_clone_idx=10 total_clones=11
augment_clone: event#1012 new_clone_idx=10 total_clones=11
augment_clone: event#1013 new_clone_idx=10 total_clones=11
augment_clone: event#1014 new_clone_idx=10 total_clones=11
augment_clone: event#1015 new_clone_idx=10 total_clones=11
augment_clone: event#1016 new_clone_idx=10 total_clones=11
augment_clone: event#1017 new_clone_idx=10 total_clones=11
augment_clone: event#1018 new_clone_idx=10 total_clones=11
augment_clone: event#1019 new_clone_idx=10 total_clones=11
augment_clone: event#1020 new_clone_idx=10 total_clones=11
augment_clone: event#1021 new_clone_idx=10 total_clones=11
augment_clone: event#1022 new_clone_idx=10 total_clones=11
augment_clone: event#1023 new_clone_idx=10 total_clones=11
augment_clone: event#1024 new_clone_idx=10 total_clones=11
augment_clone: event#1025 new_clone_idx=10 total_clones=11
augment_clone: event#1026 new_clone_idx=10 total_clones=11
augment_clone: event#1027 new_clone_idx=10 total_clones=11
augment_clone: event#1028 new_clone_idx=10 total_clones=11
augment_clone: event#1029 new_clone_idx=10 total_clones=11
augment_clone: event#1030 new_clone_idx=10 total_clones=11
augment_clone: event#1031 new_clone_idx=10 total_clones=11
augment_clone: event#1032 new_clone_idx=10 total_clones=11
augment_clone: event#1033 new_clone_idx=10 total_clones=11
augment_clone: event#1034 new_clone_idx=10 total_clones=11
augment_clone: event#1035 new_clone_idx=10 total_clones=11
augment_clone: event#1036 new_clone_idx=10 total_clones=11
augment_clone: event#1037 new_clone_idx=10 total_clones=11
vio_bench: processed 1044/2912 frames (35%)augment_clone: event#1038 new_clone_idx=10 total_clones=11
augment_clone: event#1039 new_clone_idx=10 total_clones=11
augment_clone: event#1040 new_clone_idx=10 total_clones=11
augment_clone: event#1041 new_clone_idx=10 total_clones=11
augment_clone: event#1042 new_clone_idx=10 total_clones=11
augment_clone: event#1043 new_clone_idx=10 total_clones=11
augment_clone: event#1044 new_clone_idx=10 total_clones=11
augment_clone: event#1045 new_clone_idx=10 total_clones=11
augment_clone: event#1046 new_clone_idx=10 total_clones=11
augment_clone: event#1047 new_clone_idx=10 total_clones=11
augment_clone: event#1048 new_clone_idx=10 total_clones=11
augment_clone: event#1049 new_clone_idx=10 total_clones=11
augment_clone: event#1050 new_clone_idx=10 total_clones=11
augment_clone: event#1051 new_clone_idx=10 total_clones=11
augment_clone: event#1052 new_clone_idx=10 total_clones=11
augment_clone: event#1053 new_clone_idx=10 total_clones=11
augment_clone: event#1054 new_clone_idx=10 total_clones=11
augment_clone: event#1055 new_clone_idx=10 total_clones=11
augment_clone: event#1056 new_clone_idx=10 total_clones=11
augment_clone: event#1057 new_clone_idx=10 total_clones=11
augment_clone: event#1058 new_clone_idx=10 total_clones=11
augment_clone: event#1059 new_clone_idx=10 total_clones=11
augment_clone: event#1060 new_clone_idx=10 total_clones=11
augment_clone: event#1061 new_clone_idx=10 total_clones=11
augment_clone: event#1062 new_clone_idx=10 total_clones=11
augment_clone: event#1063 new_clone_idx=10 total_clones=11
augment_clone: event#1064 new_clone_idx=10 total_clones=11
augment_clone: event#1065 new_clone_idx=10 total_clones=11
augment_clone: event#1066 new_clone_idx=10 total_clones=11
vio_bench: processed 1073/2912 frames (36%)augment_clone: event#1067 new_clone_idx=10 total_clones=11
augment_clone: event#1068 new_clone_idx=10 total_clones=11
augment_clone: event#1069 new_clone_idx=10 total_clones=11
augment_clone: event#1070 new_clone_idx=10 total_clones=11
augment_clone: event#1071 new_clone_idx=10 total_clones=11
augment_clone: event#1072 new_clone_idx=10 total_clones=11
augment_clone: event#1073 new_clone_idx=10 total_clones=11
augment_clone: event#1074 new_clone_idx=10 total_clones=11
augment_clone: event#1075 new_clone_idx=10 total_clones=11
augment_clone: event#1076 new_clone_idx=10 total_clones=11
augment_clone: event#1077 new_clone_idx=10 total_clones=11
augment_clone: event#1078 new_clone_idx=10 total_clones=11
augment_clone: event#1079 new_clone_idx=10 total_clones=11
augment_clone: event#1080 new_clone_idx=10 total_clones=11
augment_clone: event#1081 new_clone_idx=10 total_clones=11
augment_clone: event#1082 new_clone_idx=10 total_clones=11
augment_clone: event#1083 new_clone_idx=10 total_clones=11
augment_clone: event#1084 new_clone_idx=10 total_clones=11
augment_clone: event#1085 new_clone_idx=10 total_clones=11
augment_clone: event#1086 new_clone_idx=10 total_clones=11
augment_clone: event#1087 new_clone_idx=10 total_clones=11
augment_clone: event#1088 new_clone_idx=10 total_clones=11
augment_clone: event#1089 new_clone_idx=10 total_clones=11
augment_clone: event#1090 new_clone_idx=10 total_clones=11
augment_clone: event#1091 new_clone_idx=10 total_clones=11
augment_clone: event#1092 new_clone_idx=10 total_clones=11
augment_clone: event#1093 new_clone_idx=10 total_clones=11
augment_clone: event#1094 new_clone_idx=10 total_clones=11
augment_clone: event#1095 new_clone_idx=10 total_clones=11
vio_bench: processed 1102/2912 frames (37%)augment_clone: event#1096 new_clone_idx=10 total_clones=11
augment_clone: event#1097 new_clone_idx=10 total_clones=11
augment_clone: event#1098 new_clone_idx=10 total_clones=11
augment_clone: event#1099 new_clone_idx=10 total_clones=11
augment_clone: event#1100 new_clone_idx=10 total_clones=11
augment_clone: event#1101 new_clone_idx=10 total_clones=11
augment_clone: event#1102 new_clone_idx=10 total_clones=11
augment_clone: event#1103 new_clone_idx=10 total_clones=11
augment_clone: event#1104 new_clone_idx=10 total_clones=11
augment_clone: event#1105 new_clone_idx=10 total_clones=11
augment_clone: event#1106 new_clone_idx=10 total_clones=11
augment_clone: event#1107 new_clone_idx=10 total_clones=11
augment_clone: event#1108 new_clone_idx=10 total_clones=11
augment_clone: event#1109 new_clone_idx=10 total_clones=11
augment_clone: event#1110 new_clone_idx=10 total_clones=11
augment_clone: event#1111 new_clone_idx=10 total_clones=11
augment_clone: event#1112 new_clone_idx=10 total_clones=11
augment_clone: event#1113 new_clone_idx=10 total_clones=11
augment_clone: event#1114 new_clone_idx=10 total_clones=11
augment_clone: event#1115 new_clone_idx=10 total_clones=11
augment_clone: event#1116 new_clone_idx=10 total_clones=11
augment_clone: event#1117 new_clone_idx=10 total_clones=11
augment_clone: event#1118 new_clone_idx=10 total_clones=11
augment_clone: event#1119 new_clone_idx=10 total_clones=11
augment_clone: event#1120 new_clone_idx=10 total_clones=11
augment_clone: event#1121 new_clone_idx=10 total_clones=11
augment_clone: event#1122 new_clone_idx=10 total_clones=11
augment_clone: event#1123 new_clone_idx=10 total_clones=11
augment_clone: event#1124 new_clone_idx=10 total_clones=11
vio_bench: processed 1131/2912 frames (38%)augment_clone: event#1125 new_clone_idx=10 total_clones=11
augment_clone: event#1126 new_clone_idx=10 total_clones=11
augment_clone: event#1127 new_clone_idx=10 total_clones=11
augment_clone: event#1128 new_clone_idx=10 total_clones=11
augment_clone: event#1129 new_clone_idx=10 total_clones=11
augment_clone: event#1130 new_clone_idx=10 total_clones=11
augment_clone: event#1131 new_clone_idx=10 total_clones=11
augment_clone: event#1132 new_clone_idx=10 total_clones=11
augment_clone: event#1133 new_clone_idx=10 total_clones=11
augment_clone: event#1134 new_clone_idx=10 total_clones=11
augment_clone: event#1135 new_clone_idx=10 total_clones=11
augment_clone: event#1136 new_clone_idx=10 total_clones=11
augment_clone: event#1137 new_clone_idx=10 total_clones=11
augment_clone: event#1138 new_clone_idx=10 total_clones=11
augment_clone: event#1139 new_clone_idx=10 total_clones=11
augment_clone: event#1140 new_clone_idx=10 total_clones=11
augment_clone: event#1141 new_clone_idx=10 total_clones=11
augment_clone: event#1142 new_clone_idx=10 total_clones=11
augment_clone: event#1143 new_clone_idx=10 total_clones=11
augment_clone: event#1144 new_clone_idx=10 total_clones=11
augment_clone: event#1145 new_clone_idx=10 total_clones=11
augment_clone: event#1146 new_clone_idx=10 total_clones=11
augment_clone: event#1147 new_clone_idx=10 total_clones=11
augment_clone: event#1148 new_clone_idx=10 total_clones=11
augment_clone: event#1149 new_clone_idx=10 total_clones=11
augment_clone: event#1150 new_clone_idx=10 total_clones=11
augment_clone: event#1151 new_clone_idx=10 total_clones=11
augment_clone: event#1152 new_clone_idx=10 total_clones=11
augment_clone: event#1153 new_clone_idx=10 total_clones=11
vio_bench: processed 1160/2912 frames (39%)augment_clone: event#1154 new_clone_idx=10 total_clones=11
augment_clone: event#1155 new_clone_idx=10 total_clones=11
augment_clone: event#1156 new_clone_idx=10 total_clones=11
augment_clone: event#1157 new_clone_idx=10 total_clones=11
augment_clone: event#1158 new_clone_idx=10 total_clones=11
augment_clone: event#1159 new_clone_idx=10 total_clones=11
augment_clone: event#1160 new_clone_idx=10 total_clones=11
augment_clone: event#1161 new_clone_idx=10 total_clones=11
augment_clone: event#1162 new_clone_idx=10 total_clones=11
augment_clone: event#1163 new_clone_idx=10 total_clones=11
augment_clone: event#1164 new_clone_idx=10 total_clones=11
augment_clone: event#1165 new_clone_idx=10 total_clones=11
augment_clone: event#1166 new_clone_idx=10 total_clones=11
augment_clone: event#1167 new_clone_idx=10 total_clones=11
augment_clone: event#1168 new_clone_idx=10 total_clones=11
augment_clone: event#1169 new_clone_idx=10 total_clones=11
augment_clone: event#1170 new_clone_idx=10 total_clones=11
augment_clone: event#1171 new_clone_idx=10 total_clones=11
augment_clone: event#1172 new_clone_idx=10 total_clones=11
augment_clone: event#1173 new_clone_idx=10 total_clones=11
augment_clone: event#1174 new_clone_idx=10 total_clones=11
augment_clone: event#1175 new_clone_idx=10 total_clones=11
augment_clone: event#1176 new_clone_idx=10 total_clones=11
augment_clone: event#1177 new_clone_idx=10 total_clones=11
augment_clone: event#1178 new_clone_idx=10 total_clones=11
augment_clone: event#1179 new_clone_idx=10 total_clones=11
augment_clone: event#1180 new_clone_idx=10 total_clones=11
augment_clone: event#1181 new_clone_idx=10 total_clones=11
augment_clone: event#1182 new_clone_idx=10 total_clones=11
vio_bench: processed 1189/2912 frames (40%)augment_clone: event#1183 new_clone_idx=10 total_clones=11
augment_clone: event#1184 new_clone_idx=10 total_clones=11
augment_clone: event#1185 new_clone_idx=10 total_clones=11
augment_clone: event#1186 new_clone_idx=10 total_clones=11
augment_clone: event#1187 new_clone_idx=10 total_clones=11
augment_clone: event#1188 new_clone_idx=10 total_clones=11
augment_clone: event#1189 new_clone_idx=10 total_clones=11
augment_clone: event#1190 new_clone_idx=10 total_clones=11
augment_clone: event#1191 new_clone_idx=10 total_clones=11
augment_clone: event#1192 new_clone_idx=10 total_clones=11
augment_clone: event#1193 new_clone_idx=10 total_clones=11
augment_clone: event#1194 new_clone_idx=10 total_clones=11
augment_clone: event#1195 new_clone_idx=10 total_clones=11
augment_clone: event#1196 new_clone_idx=10 total_clones=11
augment_clone: event#1197 new_clone_idx=10 total_clones=11
augment_clone: event#1198 new_clone_idx=10 total_clones=11
augment_clone: event#1199 new_clone_idx=10 total_clones=11
augment_clone: event#1200 new_clone_idx=10 total_clones=11
augment_clone: event#1201 new_clone_idx=10 total_clones=11
augment_clone: event#1202 new_clone_idx=10 total_clones=11
augment_clone: event#1203 new_clone_idx=10 total_clones=11
augment_clone: event#1204 new_clone_idx=10 total_clones=11
augment_clone: event#1205 new_clone_idx=10 total_clones=11
augment_clone: event#1206 new_clone_idx=10 total_clones=11
augment_clone: event#1207 new_clone_idx=10 total_clones=11
augment_clone: event#1208 new_clone_idx=10 total_clones=11
augment_clone: event#1209 new_clone_idx=10 total_clones=11
augment_clone: event#1210 new_clone_idx=10 total_clones=11
augment_clone: event#1211 new_clone_idx=10 total_clones=11
vio_bench: processed 1218/2912 frames (41%)augment_clone: event#1212 new_clone_idx=10 total_clones=11
augment_clone: event#1213 new_clone_idx=10 total_clones=11
augment_clone: event#1214 new_clone_idx=10 total_clones=11
augment_clone: event#1215 new_clone_idx=10 total_clones=11
augment_clone: event#1216 new_clone_idx=10 total_clones=11
augment_clone: event#1217 new_clone_idx=10 total_clones=11
augment_clone: event#1218 new_clone_idx=10 total_clones=11
augment_clone: event#1219 new_clone_idx=10 total_clones=11
augment_clone: event#1220 new_clone_idx=10 total_clones=11
augment_clone: event#1221 new_clone_idx=10 total_clones=11
augment_clone: event#1222 new_clone_idx=10 total_clones=11
augment_clone: event#1223 new_clone_idx=10 total_clones=11
augment_clone: event#1224 new_clone_idx=10 total_clones=11
augment_clone: event#1225 new_clone_idx=10 total_clones=11
augment_clone: event#1226 new_clone_idx=10 total_clones=11
augment_clone: event#1227 new_clone_idx=10 total_clones=11
augment_clone: event#1228 new_clone_idx=10 total_clones=11
augment_clone: event#1229 new_clone_idx=10 total_clones=11
augment_clone: event#1230 new_clone_idx=10 total_clones=11
augment_clone: event#1231 new_clone_idx=10 total_clones=11
augment_clone: event#1232 new_clone_idx=10 total_clones=11
augment_clone: event#1233 new_clone_idx=10 total_clones=11
augment_clone: event#1234 new_clone_idx=10 total_clones=11
augment_clone: event#1235 new_clone_idx=10 total_clones=11
augment_clone: event#1236 new_clone_idx=10 total_clones=11
augment_clone: event#1237 new_clone_idx=10 total_clones=11
augment_clone: event#1238 new_clone_idx=10 total_clones=11
augment_clone: event#1239 new_clone_idx=10 total_clones=11
augment_clone: event#1240 new_clone_idx=10 total_clones=11
vio_bench: processed 1247/2912 frames (42%)augment_clone: event#1241 new_clone_idx=10 total_clones=11
augment_clone: event#1242 new_clone_idx=10 total_clones=11
augment_clone: event#1243 new_clone_idx=10 total_clones=11
augment_clone: event#1244 new_clone_idx=10 total_clones=11
augment_clone: event#1245 new_clone_idx=10 total_clones=11
augment_clone: event#1246 new_clone_idx=10 total_clones=11
augment_clone: event#1247 new_clone_idx=10 total_clones=11
augment_clone: event#1248 new_clone_idx=10 total_clones=11
augment_clone: event#1249 new_clone_idx=10 total_clones=11
augment_clone: event#1250 new_clone_idx=10 total_clones=11
augment_clone: event#1251 new_clone_idx=10 total_clones=11
augment_clone: event#1252 new_clone_idx=10 total_clones=11
augment_clone: event#1253 new_clone_idx=10 total_clones=11
augment_clone: event#1254 new_clone_idx=10 total_clones=11
augment_clone: event#1255 new_clone_idx=10 total_clones=11
augment_clone: event#1256 new_clone_idx=10 total_clones=11
augment_clone: event#1257 new_clone_idx=10 total_clones=11
augment_clone: event#1258 new_clone_idx=10 total_clones=11
augment_clone: event#1259 new_clone_idx=10 total_clones=11
augment_clone: event#1260 new_clone_idx=10 total_clones=11
augment_clone: event#1261 new_clone_idx=10 total_clones=11
augment_clone: event#1262 new_clone_idx=10 total_clones=11
augment_clone: event#1263 new_clone_idx=10 total_clones=11
augment_clone: event#1264 new_clone_idx=10 total_clones=11
augment_clone: event#1265 new_clone_idx=10 total_clones=11
augment_clone: event#1266 new_clone_idx=10 total_clones=11
augment_clone: event#1267 new_clone_idx=10 total_clones=11
augment_clone: event#1268 new_clone_idx=10 total_clones=11
augment_clone: event#1269 new_clone_idx=10 total_clones=11
vio_bench: processed 1276/2912 frames (43%)augment_clone: event#1270 new_clone_idx=10 total_clones=11
augment_clone: event#1271 new_clone_idx=10 total_clones=11
augment_clone: event#1272 new_clone_idx=10 total_clones=11
augment_clone: event#1273 new_clone_idx=10 total_clones=11
augment_clone: event#1274 new_clone_idx=10 total_clones=11
augment_clone: event#1275 new_clone_idx=10 total_clones=11
augment_clone: event#1276 new_clone_idx=10 total_clones=11
augment_clone: event#1277 new_clone_idx=10 total_clones=11
augment_clone: event#1278 new_clone_idx=10 total_clones=11
augment_clone: event#1279 new_clone_idx=10 total_clones=11
augment_clone: event#1280 new_clone_idx=10 total_clones=11
augment_clone: event#1281 new_clone_idx=10 total_clones=11
augment_clone: event#1282 new_clone_idx=10 total_clones=11
augment_clone: event#1283 new_clone_idx=10 total_clones=11
augment_clone: event#1284 new_clone_idx=10 total_clones=11
augment_clone: event#1285 new_clone_idx=10 total_clones=11
augment_clone: event#1286 new_clone_idx=10 total_clones=11
augment_clone: event#1287 new_clone_idx=10 total_clones=11
augment_clone: event#1288 new_clone_idx=10 total_clones=11
augment_clone: event#1289 new_clone_idx=10 total_clones=11
augment_clone: event#1290 new_clone_idx=10 total_clones=11
augment_clone: event#1291 new_clone_idx=10 total_clones=11
augment_clone: event#1292 new_clone_idx=10 total_clones=11
augment_clone: event#1293 new_clone_idx=10 total_clones=11
augment_clone: event#1294 new_clone_idx=10 total_clones=11
augment_clone: event#1295 new_clone_idx=10 total_clones=11
augment_clone: event#1296 new_clone_idx=10 total_clones=11
augment_clone: event#1297 new_clone_idx=10 total_clones=11
augment_clone: event#1298 new_clone_idx=10 total_clones=11
vio_bench: processed 1305/2912 frames (44%)augment_clone: event#1299 new_clone_idx=10 total_clones=11
augment_clone: event#1300 new_clone_idx=10 total_clones=11
augment_clone: event#1301 new_clone_idx=10 total_clones=11
augment_clone: event#1302 new_clone_idx=10 total_clones=11
augment_clone: event#1303 new_clone_idx=10 total_clones=11
augment_clone: event#1304 new_clone_idx=10 total_clones=11
augment_clone: event#1305 new_clone_idx=10 total_clones=11
augment_clone: event#1306 new_clone_idx=10 total_clones=11
augment_clone: event#1307 new_clone_idx=10 total_clones=11
augment_clone: event#1308 new_clone_idx=10 total_clones=11
augment_clone: event#1309 new_clone_idx=10 total_clones=11
augment_clone: event#1310 new_clone_idx=10 total_clones=11
augment_clone: event#1311 new_clone_idx=10 total_clones=11
augment_clone: event#1312 new_clone_idx=10 total_clones=11
augment_clone: event#1313 new_clone_idx=10 total_clones=11
augment_clone: event#1314 new_clone_idx=10 total_clones=11
augment_clone: event#1315 new_clone_idx=10 total_clones=11
augment_clone: event#1316 new_clone_idx=10 total_clones=11
augment_clone: event#1317 new_clone_idx=10 total_clones=11
augment_clone: event#1318 new_clone_idx=10 total_clones=11
augment_clone: event#1319 new_clone_idx=10 total_clones=11
augment_clone: event#1320 new_clone_idx=10 total_clones=11
augment_clone: event#1321 new_clone_idx=10 total_clones=11
augment_clone: event#1322 new_clone_idx=10 total_clones=11
augment_clone: event#1323 new_clone_idx=10 total_clones=11
augment_clone: event#1324 new_clone_idx=10 total_clones=11
augment_clone: event#1325 new_clone_idx=10 total_clones=11
augment_clone: event#1326 new_clone_idx=10 total_clones=11
augment_clone: event#1327 new_clone_idx=10 total_clones=11
vio_bench: processed 1334/2912 frames (45%)augment_clone: event#1328 new_clone_idx=10 total_clones=11
augment_clone: event#1329 new_clone_idx=10 total_clones=11
augment_clone: event#1330 new_clone_idx=10 total_clones=11
augment_clone: event#1331 new_clone_idx=10 total_clones=11
augment_clone: event#1332 new_clone_idx=10 total_clones=11
augment_clone: event#1333 new_clone_idx=10 total_clones=11
augment_clone: event#1334 new_clone_idx=10 total_clones=11
augment_clone: event#1335 new_clone_idx=10 total_clones=11
augment_clone: event#1336 new_clone_idx=10 total_clones=11
augment_clone: event#1337 new_clone_idx=10 total_clones=11
augment_clone: event#1338 new_clone_idx=10 total_clones=11
augment_clone: event#1339 new_clone_idx=10 total_clones=11
augment_clone: event#1340 new_clone_idx=10 total_clones=11
augment_clone: event#1341 new_clone_idx=10 total_clones=11
augment_clone: event#1342 new_clone_idx=10 total_clones=11
augment_clone: event#1343 new_clone_idx=10 total_clones=11
augment_clone: event#1344 new_clone_idx=10 total_clones=11
augment_clone: event#1345 new_clone_idx=10 total_clones=11
augment_clone: event#1346 new_clone_idx=10 total_clones=11
augment_clone: event#1347 new_clone_idx=10 total_clones=11
augment_clone: event#1348 new_clone_idx=10 total_clones=11
augment_clone: event#1349 new_clone_idx=10 total_clones=11
augment_clone: event#1350 new_clone_idx=10 total_clones=11
augment_clone: event#1351 new_clone_idx=10 total_clones=11
augment_clone: event#1352 new_clone_idx=10 total_clones=11
augment_clone: event#1353 new_clone_idx=10 total_clones=11
augment_clone: event#1354 new_clone_idx=10 total_clones=11
augment_clone: event#1355 new_clone_idx=10 total_clones=11
augment_clone: event#1356 new_clone_idx=10 total_clones=11
vio_bench: processed 1363/2912 frames (46%)augment_clone: event#1357 new_clone_idx=10 total_clones=11
augment_clone: event#1358 new_clone_idx=10 total_clones=11
augment_clone: event#1359 new_clone_idx=10 total_clones=11
augment_clone: event#1360 new_clone_idx=10 total_clones=11
augment_clone: event#1361 new_clone_idx=10 total_clones=11
augment_clone: event#1362 new_clone_idx=10 total_clones=11
augment_clone: event#1363 new_clone_idx=10 total_clones=11
augment_clone: event#1364 new_clone_idx=10 total_clones=11
augment_clone: event#1365 new_clone_idx=10 total_clones=11
augment_clone: event#1366 new_clone_idx=10 total_clones=11
augment_clone: event#1367 new_clone_idx=10 total_clones=11
augment_clone: event#1368 new_clone_idx=10 total_clones=11
augment_clone: event#1369 new_clone_idx=10 total_clones=11
augment_clone: event#1370 new_clone_idx=10 total_clones=11
augment_clone: event#1371 new_clone_idx=10 total_clones=11
augment_clone: event#1372 new_clone_idx=10 total_clones=11
augment_clone: event#1373 new_clone_idx=10 total_clones=11
augment_clone: event#1374 new_clone_idx=10 total_clones=11
augment_clone: event#1375 new_clone_idx=10 total_clones=11
augment_clone: event#1376 new_clone_idx=10 total_clones=11
augment_clone: event#1377 new_clone_idx=10 total_clones=11
augment_clone: event#1378 new_clone_idx=10 total_clones=11
augment_clone: event#1379 new_clone_idx=10 total_clones=11
augment_clone: event#1380 new_clone_idx=10 total_clones=11
augment_clone: event#1381 new_clone_idx=10 total_clones=11
augment_clone: event#1382 new_clone_idx=10 total_clones=11
augment_clone: event#1383 new_clone_idx=10 total_clones=11
augment_clone: event#1384 new_clone_idx=10 total_clones=11
augment_clone: event#1385 new_clone_idx=10 total_clones=11
vio_bench: processed 1392/2912 frames (47%)augment_clone: event#1386 new_clone_idx=10 total_clones=11
augment_clone: event#1387 new_clone_idx=10 total_clones=11
augment_clone: event#1388 new_clone_idx=10 total_clones=11
augment_clone: event#1389 new_clone_idx=10 total_clones=11
augment_clone: event#1390 new_clone_idx=10 total_clones=11
augment_clone: event#1391 new_clone_idx=10 total_clones=11
augment_clone: event#1392 new_clone_idx=10 total_clones=11
augment_clone: event#1393 new_clone_idx=10 total_clones=11
augment_clone: event#1394 new_clone_idx=10 total_clones=11
augment_clone: event#1395 new_clone_idx=10 total_clones=11
augment_clone: event#1396 new_clone_idx=10 total_clones=11
augment_clone: event#1397 new_clone_idx=10 total_clones=11
augment_clone: event#1398 new_clone_idx=10 total_clones=11
augment_clone: event#1399 new_clone_idx=10 total_clones=11
augment_clone: event#1400 new_clone_idx=10 total_clones=11
augment_clone: event#1401 new_clone_idx=10 total_clones=11
augment_clone: event#1402 new_clone_idx=10 total_clones=11
augment_clone: event#1403 new_clone_idx=10 total_clones=11
augment_clone: event#1404 new_clone_idx=10 total_clones=11
augment_clone: event#1405 new_clone_idx=10 total_clones=11
augment_clone: event#1406 new_clone_idx=10 total_clones=11
augment_clone: event#1407 new_clone_idx=10 total_clones=11
augment_clone: event#1408 new_clone_idx=10 total_clones=11
augment_clone: event#1409 new_clone_idx=10 total_clones=11
augment_clone: event#1410 new_clone_idx=10 total_clones=11
augment_clone: event#1411 new_clone_idx=10 total_clones=11
augment_clone: event#1412 new_clone_idx=10 total_clones=11
augment_clone: event#1413 new_clone_idx=10 total_clones=11
augment_clone: event#1414 new_clone_idx=10 total_clones=11
vio_bench: processed 1421/2912 frames (48%)augment_clone: event#1415 new_clone_idx=10 total_clones=11
augment_clone: event#1416 new_clone_idx=10 total_clones=11
augment_clone: event#1417 new_clone_idx=10 total_clones=11
augment_clone: event#1418 new_clone_idx=10 total_clones=11
augment_clone: event#1419 new_clone_idx=10 total_clones=11
augment_clone: event#1420 new_clone_idx=10 total_clones=11
augment_clone: event#1421 new_clone_idx=10 total_clones=11
augment_clone: event#1422 new_clone_idx=10 total_clones=11
augment_clone: event#1423 new_clone_idx=10 total_clones=11
augment_clone: event#1424 new_clone_idx=10 total_clones=11
augment_clone: event#1425 new_clone_idx=10 total_clones=11
augment_clone: event#1426 new_clone_idx=10 total_clones=11
augment_clone: event#1427 new_clone_idx=10 total_clones=11
augment_clone: event#1428 new_clone_idx=10 total_clones=11
augment_clone: event#1429 new_clone_idx=10 total_clones=11
augment_clone: event#1430 new_clone_idx=10 total_clones=11
augment_clone: event#1431 new_clone_idx=10 total_clones=11
augment_clone: event#1432 new_clone_idx=10 total_clones=11
augment_clone: event#1433 new_clone_idx=10 total_clones=11
augment_clone: event#1434 new_clone_idx=10 total_clones=11
augment_clone: event#1435 new_clone_idx=10 total_clones=11
augment_clone: event#1436 new_clone_idx=10 total_clones=11
augment_clone: event#1437 new_clone_idx=10 total_clones=11
augment_clone: event#1438 new_clone_idx=10 total_clones=11
augment_clone: event#1439 new_clone_idx=10 total_clones=11
augment_clone: event#1440 new_clone_idx=10 total_clones=11
augment_clone: event#1441 new_clone_idx=10 total_clones=11
augment_clone: event#1442 new_clone_idx=10 total_clones=11
augment_clone: event#1443 new_clone_idx=10 total_clones=11
vio_bench: processed 1450/2912 frames (49%)augment_clone: event#1444 new_clone_idx=10 total_clones=11
augment_clone: event#1445 new_clone_idx=10 total_clones=11
augment_clone: event#1446 new_clone_idx=10 total_clones=11
augment_clone: event#1447 new_clone_idx=10 total_clones=11
augment_clone: event#1448 new_clone_idx=10 total_clones=11
augment_clone: event#1449 new_clone_idx=10 total_clones=11
augment_clone: event#1450 new_clone_idx=10 total_clones=11
augment_clone: event#1451 new_clone_idx=10 total_clones=11
augment_clone: event#1452 new_clone_idx=10 total_clones=11
augment_clone: event#1453 new_clone_idx=10 total_clones=11
augment_clone: event#1454 new_clone_idx=10 total_clones=11
augment_clone: event#1455 new_clone_idx=10 total_clones=11
augment_clone: event#1456 new_clone_idx=10 total_clones=11
augment_clone: event#1457 new_clone_idx=10 total_clones=11
augment_clone: event#1458 new_clone_idx=10 total_clones=11
augment_clone: event#1459 new_clone_idx=10 total_clones=11
augment_clone: event#1460 new_clone_idx=10 total_clones=11
augment_clone: event#1461 new_clone_idx=10 total_clones=11
augment_clone: event#1462 new_clone_idx=10 total_clones=11
augment_clone: event#1463 new_clone_idx=10 total_clones=11
augment_clone: event#1464 new_clone_idx=10 total_clones=11
augment_clone: event#1465 new_clone_idx=10 total_clones=11
augment_clone: event#1466 new_clone_idx=10 total_clones=11
augment_clone: event#1467 new_clone_idx=10 total_clones=11
augment_clone: event#1468 new_clone_idx=10 total_clones=11
augment_clone: event#1469 new_clone_idx=10 total_clones=11
augment_clone: event#1470 new_clone_idx=10 total_clones=11
augment_clone: event#1471 new_clone_idx=10 total_clones=11
augment_clone: event#1472 new_clone_idx=10 total_clones=11
vio_bench: processed 1479/2912 frames (50%)augment_clone: event#1473 new_clone_idx=10 total_clones=11
augment_clone: event#1474 new_clone_idx=10 total_clones=11
augment_clone: event#1475 new_clone_idx=10 total_clones=11
augment_clone: event#1476 new_clone_idx=10 total_clones=11
augment_clone: event#1477 new_clone_idx=10 total_clones=11
augment_clone: event#1478 new_clone_idx=10 total_clones=11
augment_clone: event#1479 new_clone_idx=10 total_clones=11
augment_clone: event#1480 new_clone_idx=10 total_clones=11
augment_clone: event#1481 new_clone_idx=10 total_clones=11
augment_clone: event#1482 new_clone_idx=10 total_clones=11
augment_clone: event#1483 new_clone_idx=10 total_clones=11
augment_clone: event#1484 new_clone_idx=10 total_clones=11
augment_clone: event#1485 new_clone_idx=10 total_clones=11
augment_clone: event#1486 new_clone_idx=10 total_clones=11
augment_clone: event#1487 new_clone_idx=10 total_clones=11
augment_clone: event#1488 new_clone_idx=10 total_clones=11
augment_clone: event#1489 new_clone_idx=10 total_clones=11
augment_clone: event#1490 new_clone_idx=10 total_clones=11
augment_clone: event#1491 new_clone_idx=10 total_clones=11
augment_clone: event#1492 new_clone_idx=10 total_clones=11
augment_clone: event#1493 new_clone_idx=10 total_clones=11
augment_clone: event#1494 new_clone_idx=10 total_clones=11
augment_clone: event#1495 new_clone_idx=10 total_clones=11
augment_clone: event#1496 new_clone_idx=10 total_clones=11
augment_clone: event#1497 new_clone_idx=10 total_clones=11
augment_clone: event#1498 new_clone_idx=10 total_clones=11
augment_clone: event#1499 new_clone_idx=10 total_clones=11
augment_clone: event#1500 new_clone_idx=10 total_clones=11
augment_clone: event#1501 new_clone_idx=10 total_clones=11
vio_bench: processed 1508/2912 frames (51%)augment_clone: event#1502 new_clone_idx=10 total_clones=11
augment_clone: event#1503 new_clone_idx=10 total_clones=11
augment_clone: event#1504 new_clone_idx=10 total_clones=11
augment_clone: event#1505 new_clone_idx=10 total_clones=11
augment_clone: event#1506 new_clone_idx=10 total_clones=11
augment_clone: event#1507 new_clone_idx=10 total_clones=11
augment_clone: event#1508 new_clone_idx=10 total_clones=11
augment_clone: event#1509 new_clone_idx=10 total_clones=11
augment_clone: event#1510 new_clone_idx=10 total_clones=11
augment_clone: event#1511 new_clone_idx=10 total_clones=11
augment_clone: event#1512 new_clone_idx=10 total_clones=11
augment_clone: event#1513 new_clone_idx=10 total_clones=11
augment_clone: event#1514 new_clone_idx=10 total_clones=11
augment_clone: event#1515 new_clone_idx=10 total_clones=11
augment_clone: event#1516 new_clone_idx=10 total_clones=11
augment_clone: event#1517 new_clone_idx=10 total_clones=11
augment_clone: event#1518 new_clone_idx=10 total_clones=11
augment_clone: event#1519 new_clone_idx=10 total_clones=11
augment_clone: event#1520 new_clone_idx=10 total_clones=11
augment_clone: event#1521 new_clone_idx=10 total_clones=11
augment_clone: event#1522 new_clone_idx=10 total_clones=11
augment_clone: event#1523 new_clone_idx=10 total_clones=11
augment_clone: event#1524 new_clone_idx=10 total_clones=11
augment_clone: event#1525 new_clone_idx=10 total_clones=11
augment_clone: event#1526 new_clone_idx=10 total_clones=11
augment_clone: event#1527 new_clone_idx=10 total_clones=11
augment_clone: event#1528 new_clone_idx=10 total_clones=11
augment_clone: event#1529 new_clone_idx=10 total_clones=11
augment_clone: event#1530 new_clone_idx=10 total_clones=11
vio_bench: processed 1537/2912 frames (52%)augment_clone: event#1531 new_clone_idx=10 total_clones=11
augment_clone: event#1532 new_clone_idx=10 total_clones=11
augment_clone: event#1533 new_clone_idx=10 total_clones=11
augment_clone: event#1534 new_clone_idx=10 total_clones=11
augment_clone: event#1535 new_clone_idx=10 total_clones=11
augment_clone: event#1536 new_clone_idx=10 total_clones=11
augment_clone: event#1537 new_clone_idx=10 total_clones=11
augment_clone: event#1538 new_clone_idx=10 total_clones=11
augment_clone: event#1539 new_clone_idx=10 total_clones=11
augment_clone: event#1540 new_clone_idx=10 total_clones=11
augment_clone: event#1541 new_clone_idx=10 total_clones=11
augment_clone: event#1542 new_clone_idx=10 total_clones=11
augment_clone: event#1543 new_clone_idx=10 total_clones=11
augment_clone: event#1544 new_clone_idx=10 total_clones=11
augment_clone: event#1545 new_clone_idx=10 total_clones=11
augment_clone: event#1546 new_clone_idx=10 total_clones=11
augment_clone: event#1547 new_clone_idx=10 total_clones=11
augment_clone: event#1548 new_clone_idx=10 total_clones=11
augment_clone: event#1549 new_clone_idx=10 total_clones=11
augment_clone: event#1550 new_clone_idx=10 total_clones=11
augment_clone: event#1551 new_clone_idx=10 total_clones=11
augment_clone: event#1552 new_clone_idx=10 total_clones=11
augment_clone: event#1553 new_clone_idx=10 total_clones=11
augment_clone: event#1554 new_clone_idx=10 total_clones=11
augment_clone: event#1555 new_clone_idx=10 total_clones=11
augment_clone: event#1556 new_clone_idx=10 total_clones=11
augment_clone: event#1557 new_clone_idx=10 total_clones=11
augment_clone: event#1558 new_clone_idx=10 total_clones=11
augment_clone: event#1559 new_clone_idx=10 total_clones=11
vio_bench: processed 1566/2912 frames (53%)augment_clone: event#1560 new_clone_idx=10 total_clones=11
augment_clone: event#1561 new_clone_idx=10 total_clones=11
augment_clone: event#1562 new_clone_idx=10 total_clones=11
augment_clone: event#1563 new_clone_idx=10 total_clones=11
augment_clone: event#1564 new_clone_idx=10 total_clones=11
augment_clone: event#1565 new_clone_idx=10 total_clones=11
augment_clone: event#1566 new_clone_idx=10 total_clones=11
augment_clone: event#1567 new_clone_idx=10 total_clones=11
augment_clone: event#1568 new_clone_idx=10 total_clones=11
augment_clone: event#1569 new_clone_idx=10 total_clones=11
augment_clone: event#1570 new_clone_idx=10 total_clones=11
augment_clone: event#1571 new_clone_idx=10 total_clones=11
augment_clone: event#1572 new_clone_idx=10 total_clones=11
augment_clone: event#1573 new_clone_idx=10 total_clones=11
augment_clone: event#1574 new_clone_idx=10 total_clones=11
augment_clone: event#1575 new_clone_idx=10 total_clones=11
augment_clone: event#1576 new_clone_idx=10 total_clones=11
augment_clone: event#1577 new_clone_idx=10 total_clones=11
augment_clone: event#1578 new_clone_idx=10 total_clones=11
augment_clone: event#1579 new_clone_idx=10 total_clones=11
augment_clone: event#1580 new_clone_idx=10 total_clones=11
augment_clone: event#1581 new_clone_idx=10 total_clones=11
augment_clone: event#1582 new_clone_idx=10 total_clones=11
augment_clone: event#1583 new_clone_idx=10 total_clones=11
augment_clone: event#1584 new_clone_idx=10 total_clones=11
augment_clone: event#1585 new_clone_idx=10 total_clones=11
augment_clone: event#1586 new_clone_idx=10 total_clones=11
augment_clone: event#1587 new_clone_idx=10 total_clones=11
augment_clone: event#1588 new_clone_idx=10 total_clones=11
vio_bench: processed 1595/2912 frames (54%)augment_clone: event#1589 new_clone_idx=10 total_clones=11
augment_clone: event#1590 new_clone_idx=10 total_clones=11
augment_clone: event#1591 new_clone_idx=10 total_clones=11
augment_clone: event#1592 new_clone_idx=10 total_clones=11
augment_clone: event#1593 new_clone_idx=10 total_clones=11
augment_clone: event#1594 new_clone_idx=10 total_clones=11
augment_clone: event#1595 new_clone_idx=10 total_clones=11
augment_clone: event#1596 new_clone_idx=10 total_clones=11
augment_clone: event#1597 new_clone_idx=10 total_clones=11
augment_clone: event#1598 new_clone_idx=10 total_clones=11
augment_clone: event#1599 new_clone_idx=10 total_clones=11
augment_clone: event#1600 new_clone_idx=10 total_clones=11
augment_clone: event#1601 new_clone_idx=10 total_clones=11
augment_clone: event#1602 new_clone_idx=10 total_clones=11
augment_clone: event#1603 new_clone_idx=10 total_clones=11
augment_clone: event#1604 new_clone_idx=10 total_clones=11
augment_clone: event#1605 new_clone_idx=10 total_clones=11
augment_clone: event#1606 new_clone_idx=10 total_clones=11
augment_clone: event#1607 new_clone_idx=10 total_clones=11
augment_clone: event#1608 new_clone_idx=10 total_clones=11
augment_clone: event#1609 new_clone_idx=10 total_clones=11
augment_clone: event#1610 new_clone_idx=10 total_clones=11
augment_clone: event#1611 new_clone_idx=10 total_clones=11
augment_clone: event#1612 new_clone_idx=10 total_clones=11
augment_clone: event#1613 new_clone_idx=10 total_clones=11
augment_clone: event#1614 new_clone_idx=10 total_clones=11
augment_clone: event#1615 new_clone_idx=10 total_clones=11
augment_clone: event#1616 new_clone_idx=10 total_clones=11
augment_clone: event#1617 new_clone_idx=10 total_clones=11
vio_bench: processed 1624/2912 frames (55%)augment_clone: event#1618 new_clone_idx=10 total_clones=11
augment_clone: event#1619 new_clone_idx=10 total_clones=11
augment_clone: event#1620 new_clone_idx=10 total_clones=11
augment_clone: event#1621 new_clone_idx=10 total_clones=11
augment_clone: event#1622 new_clone_idx=10 total_clones=11
augment_clone: event#1623 new_clone_idx=10 total_clones=11
augment_clone: event#1624 new_clone_idx=10 total_clones=11
augment_clone: event#1625 new_clone_idx=10 total_clones=11
augment_clone: event#1626 new_clone_idx=10 total_clones=11
augment_clone: event#1627 new_clone_idx=10 total_clones=11
augment_clone: event#1628 new_clone_idx=10 total_clones=11
augment_clone: event#1629 new_clone_idx=10 total_clones=11
augment_clone: event#1630 new_clone_idx=10 total_clones=11
augment_clone: event#1631 new_clone_idx=10 total_clones=11
augment_clone: event#1632 new_clone_idx=10 total_clones=11
augment_clone: event#1633 new_clone_idx=10 total_clones=11
augment_clone: event#1634 new_clone_idx=10 total_clones=11
augment_clone: event#1635 new_clone_idx=10 total_clones=11
augment_clone: event#1636 new_clone_idx=10 total_clones=11
augment_clone: event#1637 new_clone_idx=10 total_clones=11
augment_clone: event#1638 new_clone_idx=10 total_clones=11
augment_clone: event#1639 new_clone_idx=10 total_clones=11
augment_clone: event#1640 new_clone_idx=10 total_clones=11
augment_clone: event#1641 new_clone_idx=10 total_clones=11
augment_clone: event#1642 new_clone_idx=10 total_clones=11
augment_clone: event#1643 new_clone_idx=10 total_clones=11
augment_clone: event#1644 new_clone_idx=10 total_clones=11
augment_clone: event#1645 new_clone_idx=10 total_clones=11
augment_clone: event#1646 new_clone_idx=10 total_clones=11
vio_bench: processed 1653/2912 frames (56%)augment_clone: event#1647 new_clone_idx=10 total_clones=11
augment_clone: event#1648 new_clone_idx=10 total_clones=11
augment_clone: event#1649 new_clone_idx=10 total_clones=11
augment_clone: event#1650 new_clone_idx=10 total_clones=11
augment_clone: event#1651 new_clone_idx=10 total_clones=11
augment_clone: event#1652 new_clone_idx=10 total_clones=11
augment_clone: event#1653 new_clone_idx=10 total_clones=11
augment_clone: event#1654 new_clone_idx=10 total_clones=11
augment_clone: event#1655 new_clone_idx=10 total_clones=11
augment_clone: event#1656 new_clone_idx=10 total_clones=11
augment_clone: event#1657 new_clone_idx=10 total_clones=11
augment_clone: event#1658 new_clone_idx=10 total_clones=11
augment_clone: event#1659 new_clone_idx=10 total_clones=11
augment_clone: event#1660 new_clone_idx=10 total_clones=11
augment_clone: event#1661 new_clone_idx=10 total_clones=11
augment_clone: event#1662 new_clone_idx=10 total_clones=11
augment_clone: event#1663 new_clone_idx=10 total_clones=11
augment_clone: event#1664 new_clone_idx=10 total_clones=11
augment_clone: event#1665 new_clone_idx=10 total_clones=11
augment_clone: event#1666 new_clone_idx=10 total_clones=11
augment_clone: event#1667 new_clone_idx=10 total_clones=11
augment_clone: event#1668 new_clone_idx=10 total_clones=11
augment_clone: event#1669 new_clone_idx=10 total_clones=11
augment_clone: event#1670 new_clone_idx=10 total_clones=11
augment_clone: event#1671 new_clone_idx=10 total_clones=11
augment_clone: event#1672 new_clone_idx=10 total_clones=11
augment_clone: event#1673 new_clone_idx=10 total_clones=11
augment_clone: event#1674 new_clone_idx=10 total_clones=11
augment_clone: event#1675 new_clone_idx=10 total_clones=11
vio_bench: processed 1682/2912 frames (57%)augment_clone: event#1676 new_clone_idx=10 total_clones=11
augment_clone: event#1677 new_clone_idx=10 total_clones=11
augment_clone: event#1678 new_clone_idx=10 total_clones=11
augment_clone: event#1679 new_clone_idx=10 total_clones=11
augment_clone: event#1680 new_clone_idx=10 total_clones=11
augment_clone: event#1681 new_clone_idx=10 total_clones=11
augment_clone: event#1682 new_clone_idx=10 total_clones=11
augment_clone: event#1683 new_clone_idx=10 total_clones=11
augment_clone: event#1684 new_clone_idx=10 total_clones=11
augment_clone: event#1685 new_clone_idx=10 total_clones=11
augment_clone: event#1686 new_clone_idx=10 total_clones=11
augment_clone: event#1687 new_clone_idx=10 total_clones=11
augment_clone: event#1688 new_clone_idx=10 total_clones=11
augment_clone: event#1689 new_clone_idx=10 total_clones=11
augment_clone: event#1690 new_clone_idx=10 total_clones=11
augment_clone: event#1691 new_clone_idx=10 total_clones=11
augment_clone: event#1692 new_clone_idx=10 total_clones=11
augment_clone: event#1693 new_clone_idx=10 total_clones=11
augment_clone: event#1694 new_clone_idx=10 total_clones=11
augment_clone: event#1695 new_clone_idx=10 total_clones=11
augment_clone: event#1696 new_clone_idx=10 total_clones=11
augment_clone: event#1697 new_clone_idx=10 total_clones=11
augment_clone: event#1698 new_clone_idx=10 total_clones=11
augment_clone: event#1699 new_clone_idx=10 total_clones=11
augment_clone: event#1700 new_clone_idx=10 total_clones=11
augment_clone: event#1701 new_clone_idx=10 total_clones=11
augment_clone: event#1702 new_clone_idx=10 total_clones=11
augment_clone: event#1703 new_clone_idx=10 total_clones=11
augment_clone: event#1704 new_clone_idx=10 total_clones=11
vio_bench: processed 1711/2912 frames (58%)augment_clone: event#1705 new_clone_idx=10 total_clones=11
augment_clone: event#1706 new_clone_idx=10 total_clones=11
augment_clone: event#1707 new_clone_idx=10 total_clones=11
augment_clone: event#1708 new_clone_idx=10 total_clones=11
augment_clone: event#1709 new_clone_idx=10 total_clones=11
augment_clone: event#1710 new_clone_idx=10 total_clones=11
augment_clone: event#1711 new_clone_idx=10 total_clones=11
augment_clone: event#1712 new_clone_idx=10 total_clones=11
augment_clone: event#1713 new_clone_idx=10 total_clones=11
augment_clone: event#1714 new_clone_idx=10 total_clones=11
augment_clone: event#1715 new_clone_idx=10 total_clones=11
augment_clone: event#1716 new_clone_idx=10 total_clones=11
augment_clone: event#1717 new_clone_idx=10 total_clones=11
augment_clone: event#1718 new_clone_idx=10 total_clones=11
augment_clone: event#1719 new_clone_idx=10 total_clones=11
augment_clone: event#1720 new_clone_idx=10 total_clones=11
augment_clone: event#1721 new_clone_idx=10 total_clones=11
augment_clone: event#1722 new_clone_idx=10 total_clones=11
augment_clone: event#1723 new_clone_idx=10 total_clones=11
augment_clone: event#1724 new_clone_idx=10 total_clones=11
augment_clone: event#1725 new_clone_idx=10 total_clones=11
augment_clone: event#1726 new_clone_idx=10 total_clones=11
augment_clone: event#1727 new_clone_idx=10 total_clones=11
augment_clone: event#1728 new_clone_idx=10 total_clones=11
augment_clone: event#1729 new_clone_idx=10 total_clones=11
augment_clone: event#1730 new_clone_idx=10 total_clones=11
augment_clone: event#1731 new_clone_idx=10 total_clones=11
augment_clone: event#1732 new_clone_idx=10 total_clones=11
augment_clone: event#1733 new_clone_idx=10 total_clones=11
vio_bench: processed 1740/2912 frames (59%)augment_clone: event#1734 new_clone_idx=10 total_clones=11
augment_clone: event#1735 new_clone_idx=10 total_clones=11
augment_clone: event#1736 new_clone_idx=10 total_clones=11
augment_clone: event#1737 new_clone_idx=10 total_clones=11
augment_clone: event#1738 new_clone_idx=10 total_clones=11
augment_clone: event#1739 new_clone_idx=10 total_clones=11
augment_clone: event#1740 new_clone_idx=10 total_clones=11
augment_clone: event#1741 new_clone_idx=10 total_clones=11
augment_clone: event#1742 new_clone_idx=10 total_clones=11
augment_clone: event#1743 new_clone_idx=10 total_clones=11
augment_clone: event#1744 new_clone_idx=10 total_clones=11
augment_clone: event#1745 new_clone_idx=10 total_clones=11
augment_clone: event#1746 new_clone_idx=10 total_clones=11
augment_clone: event#1747 new_clone_idx=10 total_clones=11
augment_clone: event#1748 new_clone_idx=10 total_clones=11
augment_clone: event#1749 new_clone_idx=10 total_clones=11
augment_clone: event#1750 new_clone_idx=10 total_clones=11
augment_clone: event#1751 new_clone_idx=10 total_clones=11
augment_clone: event#1752 new_clone_idx=10 total_clones=11
augment_clone: event#1753 new_clone_idx=10 total_clones=11
augment_clone: event#1754 new_clone_idx=10 total_clones=11
augment_clone: event#1755 new_clone_idx=10 total_clones=11
augment_clone: event#1756 new_clone_idx=10 total_clones=11
augment_clone: event#1757 new_clone_idx=10 total_clones=11
augment_clone: event#1758 new_clone_idx=10 total_clones=11
augment_clone: event#1759 new_clone_idx=10 total_clones=11
augment_clone: event#1760 new_clone_idx=10 total_clones=11
augment_clone: event#1761 new_clone_idx=10 total_clones=11
augment_clone: event#1762 new_clone_idx=10 total_clones=11
vio_bench: processed 1769/2912 frames (60%)augment_clone: event#1763 new_clone_idx=10 total_clones=11
augment_clone: event#1764 new_clone_idx=10 total_clones=11
augment_clone: event#1765 new_clone_idx=10 total_clones=11
augment_clone: event#1766 new_clone_idx=10 total_clones=11
augment_clone: event#1767 new_clone_idx=10 total_clones=11
augment_clone: event#1768 new_clone_idx=10 total_clones=11
augment_clone: event#1769 new_clone_idx=10 total_clones=11
augment_clone: event#1770 new_clone_idx=10 total_clones=11
augment_clone: event#1771 new_clone_idx=10 total_clones=11
augment_clone: event#1772 new_clone_idx=10 total_clones=11
augment_clone: event#1773 new_clone_idx=10 total_clones=11
augment_clone: event#1774 new_clone_idx=10 total_clones=11
augment_clone: event#1775 new_clone_idx=10 total_clones=11
augment_clone: event#1776 new_clone_idx=10 total_clones=11
augment_clone: event#1777 new_clone_idx=10 total_clones=11
augment_clone: event#1778 new_clone_idx=10 total_clones=11
augment_clone: event#1779 new_clone_idx=10 total_clones=11
augment_clone: event#1780 new_clone_idx=10 total_clones=11
augment_clone: event#1781 new_clone_idx=10 total_clones=11
augment_clone: event#1782 new_clone_idx=10 total_clones=11
augment_clone: event#1783 new_clone_idx=10 total_clones=11
augment_clone: event#1784 new_clone_idx=10 total_clones=11
augment_clone: event#1785 new_clone_idx=10 total_clones=11
augment_clone: event#1786 new_clone_idx=10 total_clones=11
augment_clone: event#1787 new_clone_idx=10 total_clones=11
augment_clone: event#1788 new_clone_idx=10 total_clones=11
augment_clone: event#1789 new_clone_idx=10 total_clones=11
augment_clone: event#1790 new_clone_idx=10 total_clones=11
augment_clone: event#1791 new_clone_idx=10 total_clones=11
vio_bench: processed 1798/2912 frames (61%)augment_clone: event#1792 new_clone_idx=10 total_clones=11
augment_clone: event#1793 new_clone_idx=10 total_clones=11
augment_clone: event#1794 new_clone_idx=10 total_clones=11
augment_clone: event#1795 new_clone_idx=10 total_clones=11
augment_clone: event#1796 new_clone_idx=10 total_clones=11
augment_clone: event#1797 new_clone_idx=10 total_clones=11
augment_clone: event#1798 new_clone_idx=10 total_clones=11
augment_clone: event#1799 new_clone_idx=10 total_clones=11
augment_clone: event#1800 new_clone_idx=10 total_clones=11
augment_clone: event#1801 new_clone_idx=10 total_clones=11
augment_clone: event#1802 new_clone_idx=10 total_clones=11
augment_clone: event#1803 new_clone_idx=10 total_clones=11
augment_clone: event#1804 new_clone_idx=10 total_clones=11
augment_clone: event#1805 new_clone_idx=10 total_clones=11
augment_clone: event#1806 new_clone_idx=10 total_clones=11
augment_clone: event#1807 new_clone_idx=10 total_clones=11
augment_clone: event#1808 new_clone_idx=10 total_clones=11
augment_clone: event#1809 new_clone_idx=10 total_clones=11
augment_clone: event#1810 new_clone_idx=10 total_clones=11
augment_clone: event#1811 new_clone_idx=10 total_clones=11
augment_clone: event#1812 new_clone_idx=10 total_clones=11
augment_clone: event#1813 new_clone_idx=10 total_clones=11
augment_clone: event#1814 new_clone_idx=10 total_clones=11
augment_clone: event#1815 new_clone_idx=10 total_clones=11
augment_clone: event#1816 new_clone_idx=10 total_clones=11
augment_clone: event#1817 new_clone_idx=10 total_clones=11
augment_clone: event#1818 new_clone_idx=10 total_clones=11
augment_clone: event#1819 new_clone_idx=10 total_clones=11
augment_clone: event#1820 new_clone_idx=10 total_clones=11
vio_bench: processed 1827/2912 frames (62%)augment_clone: event#1821 new_clone_idx=10 total_clones=11
augment_clone: event#1822 new_clone_idx=10 total_clones=11
augment_clone: event#1823 new_clone_idx=10 total_clones=11
augment_clone: event#1824 new_clone_idx=10 total_clones=11
augment_clone: event#1825 new_clone_idx=10 total_clones=11
augment_clone: event#1826 new_clone_idx=10 total_clones=11
augment_clone: event#1827 new_clone_idx=10 total_clones=11
augment_clone: event#1828 new_clone_idx=10 total_clones=11
augment_clone: event#1829 new_clone_idx=10 total_clones=11
augment_clone: event#1830 new_clone_idx=10 total_clones=11
augment_clone: event#1831 new_clone_idx=10 total_clones=11
augment_clone: event#1832 new_clone_idx=10 total_clones=11
augment_clone: event#1833 new_clone_idx=10 total_clones=11
augment_clone: event#1834 new_clone_idx=10 total_clones=11
augment_clone: event#1835 new_clone_idx=10 total_clones=11
augment_clone: event#1836 new_clone_idx=10 total_clones=11
augment_clone: event#1837 new_clone_idx=10 total_clones=11
augment_clone: event#1838 new_clone_idx=10 total_clones=11
augment_clone: event#1839 new_clone_idx=10 total_clones=11
augment_clone: event#1840 new_clone_idx=10 total_clones=11
augment_clone: event#1841 new_clone_idx=10 total_clones=11
augment_clone: event#1842 new_clone_idx=10 total_clones=11
augment_clone: event#1843 new_clone_idx=10 total_clones=11
augment_clone: event#1844 new_clone_idx=10 total_clones=11
augment_clone: event#1845 new_clone_idx=10 total_clones=11
augment_clone: event#1846 new_clone_idx=10 total_clones=11
augment_clone: event#1847 new_clone_idx=10 total_clones=11
augment_clone: event#1848 new_clone_idx=10 total_clones=11
augment_clone: event#1849 new_clone_idx=10 total_clones=11
vio_bench: processed 1856/2912 frames (63%)augment_clone: event#1850 new_clone_idx=10 total_clones=11
augment_clone: event#1851 new_clone_idx=10 total_clones=11
augment_clone: event#1852 new_clone_idx=10 total_clones=11
augment_clone: event#1853 new_clone_idx=10 total_clones=11
augment_clone: event#1854 new_clone_idx=10 total_clones=11
augment_clone: event#1855 new_clone_idx=10 total_clones=11
augment_clone: event#1856 new_clone_idx=10 total_clones=11
augment_clone: event#1857 new_clone_idx=10 total_clones=11
augment_clone: event#1858 new_clone_idx=10 total_clones=11
augment_clone: event#1859 new_clone_idx=10 total_clones=11
augment_clone: event#1860 new_clone_idx=10 total_clones=11
augment_clone: event#1861 new_clone_idx=10 total_clones=11
augment_clone: event#1862 new_clone_idx=10 total_clones=11
augment_clone: event#1863 new_clone_idx=10 total_clones=11
augment_clone: event#1864 new_clone_idx=10 total_clones=11
augment_clone: event#1865 new_clone_idx=10 total_clones=11
augment_clone: event#1866 new_clone_idx=10 total_clones=11
augment_clone: event#1867 new_clone_idx=10 total_clones=11
augment_clone: event#1868 new_clone_idx=10 total_clones=11
augment_clone: event#1869 new_clone_idx=10 total_clones=11
augment_clone: event#1870 new_clone_idx=10 total_clones=11
augment_clone: event#1871 new_clone_idx=10 total_clones=11
augment_clone: event#1872 new_clone_idx=10 total_clones=11
augment_clone: event#1873 new_clone_idx=10 total_clones=11
augment_clone: event#1874 new_clone_idx=10 total_clones=11
augment_clone: event#1875 new_clone_idx=10 total_clones=11
augment_clone: event#1876 new_clone_idx=10 total_clones=11
augment_clone: event#1877 new_clone_idx=10 total_clones=11
augment_clone: event#1878 new_clone_idx=10 total_clones=11
vio_bench: processed 1885/2912 frames (64%)augment_clone: event#1879 new_clone_idx=10 total_clones=11
augment_clone: event#1880 new_clone_idx=10 total_clones=11
augment_clone: event#1881 new_clone_idx=10 total_clones=11
augment_clone: event#1882 new_clone_idx=10 total_clones=11
augment_clone: event#1883 new_clone_idx=10 total_clones=11
augment_clone: event#1884 new_clone_idx=10 total_clones=11
augment_clone: event#1885 new_clone_idx=10 total_clones=11
augment_clone: event#1886 new_clone_idx=10 total_clones=11
augment_clone: event#1887 new_clone_idx=10 total_clones=11
augment_clone: event#1888 new_clone_idx=10 total_clones=11
augment_clone: event#1889 new_clone_idx=10 total_clones=11
augment_clone: event#1890 new_clone_idx=10 total_clones=11
augment_clone: event#1891 new_clone_idx=10 total_clones=11
augment_clone: event#1892 new_clone_idx=10 total_clones=11
augment_clone: event#1893 new_clone_idx=10 total_clones=11
augment_clone: event#1894 new_clone_idx=10 total_clones=11
augment_clone: event#1895 new_clone_idx=10 total_clones=11
augment_clone: event#1896 new_clone_idx=10 total_clones=11
augment_clone: event#1897 new_clone_idx=10 total_clones=11
augment_clone: event#1898 new_clone_idx=10 total_clones=11
augment_clone: event#1899 new_clone_idx=10 total_clones=11
augment_clone: event#1900 new_clone_idx=10 total_clones=11
augment_clone: event#1901 new_clone_idx=10 total_clones=11
augment_clone: event#1902 new_clone_idx=10 total_clones=11
augment_clone: event#1903 new_clone_idx=10 total_clones=11
augment_clone: event#1904 new_clone_idx=10 total_clones=11
augment_clone: event#1905 new_clone_idx=10 total_clones=11
augment_clone: event#1906 new_clone_idx=10 total_clones=11
augment_clone: event#1907 new_clone_idx=10 total_clones=11
vio_bench: processed 1914/2912 frames (65%)augment_clone: event#1908 new_clone_idx=10 total_clones=11
augment_clone: event#1909 new_clone_idx=10 total_clones=11
augment_clone: event#1910 new_clone_idx=10 total_clones=11
augment_clone: event#1911 new_clone_idx=10 total_clones=11
augment_clone: event#1912 new_clone_idx=10 total_clones=11
augment_clone: event#1913 new_clone_idx=10 total_clones=11
augment_clone: event#1914 new_clone_idx=10 total_clones=11
augment_clone: event#1915 new_clone_idx=10 total_clones=11
augment_clone: event#1916 new_clone_idx=10 total_clones=11
augment_clone: event#1917 new_clone_idx=10 total_clones=11
augment_clone: event#1918 new_clone_idx=10 total_clones=11
augment_clone: event#1919 new_clone_idx=10 total_clones=11
augment_clone: event#1920 new_clone_idx=10 total_clones=11
augment_clone: event#1921 new_clone_idx=10 total_clones=11
augment_clone: event#1922 new_clone_idx=10 total_clones=11
augment_clone: event#1923 new_clone_idx=10 total_clones=11
augment_clone: event#1924 new_clone_idx=10 total_clones=11
augment_clone: event#1925 new_clone_idx=10 total_clones=11
augment_clone: event#1926 new_clone_idx=10 total_clones=11
augment_clone: event#1927 new_clone_idx=10 total_clones=11
augment_clone: event#1928 new_clone_idx=10 total_clones=11
augment_clone: event#1929 new_clone_idx=10 total_clones=11
augment_clone: event#1930 new_clone_idx=10 total_clones=11
augment_clone: event#1931 new_clone_idx=10 total_clones=11
augment_clone: event#1932 new_clone_idx=10 total_clones=11
augment_clone: event#1933 new_clone_idx=10 total_clones=11
augment_clone: event#1934 new_clone_idx=10 total_clones=11
augment_clone: event#1935 new_clone_idx=10 total_clones=11
augment_clone: event#1936 new_clone_idx=10 total_clones=11
vio_bench: processed 1943/2912 frames (66%)augment_clone: event#1937 new_clone_idx=10 total_clones=11
augment_clone: event#1938 new_clone_idx=10 total_clones=11
augment_clone: event#1939 new_clone_idx=10 total_clones=11
augment_clone: event#1940 new_clone_idx=10 total_clones=11
augment_clone: event#1941 new_clone_idx=10 total_clones=11
augment_clone: event#1942 new_clone_idx=10 total_clones=11
augment_clone: event#1943 new_clone_idx=10 total_clones=11
augment_clone: event#1944 new_clone_idx=10 total_clones=11
augment_clone: event#1945 new_clone_idx=10 total_clones=11
augment_clone: event#1946 new_clone_idx=10 total_clones=11
augment_clone: event#1947 new_clone_idx=10 total_clones=11
augment_clone: event#1948 new_clone_idx=10 total_clones=11
augment_clone: event#1949 new_clone_idx=10 total_clones=11
augment_clone: event#1950 new_clone_idx=10 total_clones=11
augment_clone: event#1951 new_clone_idx=10 total_clones=11
augment_clone: event#1952 new_clone_idx=10 total_clones=11
augment_clone: event#1953 new_clone_idx=10 total_clones=11
augment_clone: event#1954 new_clone_idx=10 total_clones=11
augment_clone: event#1955 new_clone_idx=10 total_clones=11
augment_clone: event#1956 new_clone_idx=10 total_clones=11
augment_clone: event#1957 new_clone_idx=10 total_clones=11
augment_clone: event#1958 new_clone_idx=10 total_clones=11
augment_clone: event#1959 new_clone_idx=10 total_clones=11
augment_clone: event#1960 new_clone_idx=10 total_clones=11
augment_clone: event#1961 new_clone_idx=10 total_clones=11
augment_clone: event#1962 new_clone_idx=10 total_clones=11
augment_clone: event#1963 new_clone_idx=10 total_clones=11
augment_clone: event#1964 new_clone_idx=10 total_clones=11
augment_clone: event#1965 new_clone_idx=10 total_clones=11
vio_bench: processed 1972/2912 frames (67%)augment_clone: event#1966 new_clone_idx=10 total_clones=11
augment_clone: event#1967 new_clone_idx=10 total_clones=11
augment_clone: event#1968 new_clone_idx=10 total_clones=11
augment_clone: event#1969 new_clone_idx=10 total_clones=11
augment_clone: event#1970 new_clone_idx=10 total_clones=11
augment_clone: event#1971 new_clone_idx=10 total_clones=11
augment_clone: event#1972 new_clone_idx=10 total_clones=11
augment_clone: event#1973 new_clone_idx=10 total_clones=11
augment_clone: event#1974 new_clone_idx=10 total_clones=11
augment_clone: event#1975 new_clone_idx=10 total_clones=11
augment_clone: event#1976 new_clone_idx=10 total_clones=11
augment_clone: event#1977 new_clone_idx=10 total_clones=11
augment_clone: event#1978 new_clone_idx=10 total_clones=11
augment_clone: event#1979 new_clone_idx=10 total_clones=11
augment_clone: event#1980 new_clone_idx=10 total_clones=11
augment_clone: event#1981 new_clone_idx=10 total_clones=11
augment_clone: event#1982 new_clone_idx=10 total_clones=11
augment_clone: event#1983 new_clone_idx=10 total_clones=11
augment_clone: event#1984 new_clone_idx=10 total_clones=11
augment_clone: event#1985 new_clone_idx=10 total_clones=11
augment_clone: event#1986 new_clone_idx=10 total_clones=11
augment_clone: event#1987 new_clone_idx=10 total_clones=11
augment_clone: event#1988 new_clone_idx=10 total_clones=11
augment_clone: event#1989 new_clone_idx=10 total_clones=11
augment_clone: event#1990 new_clone_idx=10 total_clones=11
augment_clone: event#1991 new_clone_idx=10 total_clones=11
augment_clone: event#1992 new_clone_idx=10 total_clones=11
augment_clone: event#1993 new_clone_idx=10 total_clones=11
augment_clone: event#1994 new_clone_idx=10 total_clones=11
vio_bench: processed 2001/2912 frames (68%)augment_clone: event#1995 new_clone_idx=10 total_clones=11
augment_clone: event#1996 new_clone_idx=10 total_clones=11
augment_clone: event#1997 new_clone_idx=10 total_clones=11
augment_clone: event#1998 new_clone_idx=10 total_clones=11
augment_clone: event#1999 new_clone_idx=10 total_clones=11
augment_clone: event#2000 new_clone_idx=10 total_clones=11
augment_clone: event#2001 new_clone_idx=10 total_clones=11
augment_clone: event#2002 new_clone_idx=10 total_clones=11
augment_clone: event#2003 new_clone_idx=10 total_clones=11
augment_clone: event#2004 new_clone_idx=10 total_clones=11
augment_clone: event#2005 new_clone_idx=10 total_clones=11
augment_clone: event#2006 new_clone_idx=10 total_clones=11
augment_clone: event#2007 new_clone_idx=10 total_clones=11
augment_clone: event#2008 new_clone_idx=10 total_clones=11
augment_clone: event#2009 new_clone_idx=10 total_clones=11
augment_clone: event#2010 new_clone_idx=10 total_clones=11
augment_clone: event#2011 new_clone_idx=10 total_clones=11
augment_clone: event#2012 new_clone_idx=10 total_clones=11
augment_clone: event#2013 new_clone_idx=10 total_clones=11
augment_clone: event#2014 new_clone_idx=10 total_clones=11
augment_clone: event#2015 new_clone_idx=10 total_clones=11
augment_clone: event#2016 new_clone_idx=10 total_clones=11
augment_clone: event#2017 new_clone_idx=10 total_clones=11
augment_clone: event#2018 new_clone_idx=10 total_clones=11
augment_clone: event#2019 new_clone_idx=10 total_clones=11
augment_clone: event#2020 new_clone_idx=10 total_clones=11
augment_clone: event#2021 new_clone_idx=10 total_clones=11
augment_clone: event#2022 new_clone_idx=10 total_clones=11
augment_clone: event#2023 new_clone_idx=10 total_clones=11
vio_bench: processed 2030/2912 frames (69%)augment_clone: event#2024 new_clone_idx=10 total_clones=11
augment_clone: event#2025 new_clone_idx=10 total_clones=11
augment_clone: event#2026 new_clone_idx=10 total_clones=11
augment_clone: event#2027 new_clone_idx=10 total_clones=11
augment_clone: event#2028 new_clone_idx=10 total_clones=11
augment_clone: event#2029 new_clone_idx=10 total_clones=11
augment_clone: event#2030 new_clone_idx=10 total_clones=11
augment_clone: event#2031 new_clone_idx=10 total_clones=11
augment_clone: event#2032 new_clone_idx=10 total_clones=11
augment_clone: event#2033 new_clone_idx=10 total_clones=11
augment_clone: event#2034 new_clone_idx=10 total_clones=11
augment_clone: event#2035 new_clone_idx=10 total_clones=11
augment_clone: event#2036 new_clone_idx=10 total_clones=11
augment_clone: event#2037 new_clone_idx=10 total_clones=11
augment_clone: event#2038 new_clone_idx=10 total_clones=11
augment_clone: event#2039 new_clone_idx=10 total_clones=11
augment_clone: event#2040 new_clone_idx=10 total_clones=11
augment_clone: event#2041 new_clone_idx=10 total_clones=11
augment_clone: event#2042 new_clone_idx=10 total_clones=11
augment_clone: event#2043 new_clone_idx=10 total_clones=11
augment_clone: event#2044 new_clone_idx=10 total_clones=11
augment_clone: event#2045 new_clone_idx=10 total_clones=11
augment_clone: event#2046 new_clone_idx=10 total_clones=11
augment_clone: event#2047 new_clone_idx=10 total_clones=11
augment_clone: event#2048 new_clone_idx=10 total_clones=11
augment_clone: event#2049 new_clone_idx=10 total_clones=11
augment_clone: event#2050 new_clone_idx=10 total_clones=11
augment_clone: event#2051 new_clone_idx=10 total_clones=11
augment_clone: event#2052 new_clone_idx=10 total_clones=11
vio_bench: processed 2059/2912 frames (70%)augment_clone: event#2053 new_clone_idx=10 total_clones=11
augment_clone: event#2054 new_clone_idx=10 total_clones=11
augment_clone: event#2055 new_clone_idx=10 total_clones=11
augment_clone: event#2056 new_clone_idx=10 total_clones=11
augment_clone: event#2057 new_clone_idx=10 total_clones=11
augment_clone: event#2058 new_clone_idx=10 total_clones=11
augment_clone: event#2059 new_clone_idx=10 total_clones=11
augment_clone: event#2060 new_clone_idx=10 total_clones=11
augment_clone: event#2061 new_clone_idx=10 total_clones=11
augment_clone: event#2062 new_clone_idx=10 total_clones=11
augment_clone: event#2063 new_clone_idx=10 total_clones=11
augment_clone: event#2064 new_clone_idx=10 total_clones=11
augment_clone: event#2065 new_clone_idx=10 total_clones=11
augment_clone: event#2066 new_clone_idx=10 total_clones=11
augment_clone: event#2067 new_clone_idx=10 total_clones=11
augment_clone: event#2068 new_clone_idx=10 total_clones=11
augment_clone: event#2069 new_clone_idx=10 total_clones=11
augment_clone: event#2070 new_clone_idx=10 total_clones=11
augment_clone: event#2071 new_clone_idx=10 total_clones=11
augment_clone: event#2072 new_clone_idx=10 total_clones=11
augment_clone: event#2073 new_clone_idx=10 total_clones=11
augment_clone: event#2074 new_clone_idx=10 total_clones=11
augment_clone: event#2075 new_clone_idx=10 total_clones=11
augment_clone: event#2076 new_clone_idx=10 total_clones=11
augment_clone: event#2077 new_clone_idx=10 total_clones=11
augment_clone: event#2078 new_clone_idx=10 total_clones=11
augment_clone: event#2079 new_clone_idx=10 total_clones=11
augment_clone: event#2080 new_clone_idx=10 total_clones=11
augment_clone: event#2081 new_clone_idx=10 total_clones=11
vio_bench: processed 2088/2912 frames (71%)augment_clone: event#2082 new_clone_idx=10 total_clones=11
augment_clone: event#2083 new_clone_idx=10 total_clones=11
augment_clone: event#2084 new_clone_idx=10 total_clones=11
augment_clone: event#2085 new_clone_idx=10 total_clones=11
augment_clone: event#2086 new_clone_idx=10 total_clones=11
augment_clone: event#2087 new_clone_idx=10 total_clones=11
augment_clone: event#2088 new_clone_idx=10 total_clones=11
augment_clone: event#2089 new_clone_idx=10 total_clones=11
augment_clone: event#2090 new_clone_idx=10 total_clones=11
augment_clone: event#2091 new_clone_idx=10 total_clones=11
augment_clone: event#2092 new_clone_idx=10 total_clones=11
augment_clone: event#2093 new_clone_idx=10 total_clones=11
augment_clone: event#2094 new_clone_idx=10 total_clones=11
augment_clone: event#2095 new_clone_idx=10 total_clones=11
augment_clone: event#2096 new_clone_idx=10 total_clones=11
augment_clone: event#2097 new_clone_idx=10 total_clones=11
augment_clone: event#2098 new_clone_idx=10 total_clones=11
augment_clone: event#2099 new_clone_idx=10 total_clones=11
augment_clone: event#2100 new_clone_idx=10 total_clones=11
augment_clone: event#2101 new_clone_idx=10 total_clones=11
augment_clone: event#2102 new_clone_idx=10 total_clones=11
augment_clone: event#2103 new_clone_idx=10 total_clones=11
augment_clone: event#2104 new_clone_idx=10 total_clones=11
augment_clone: event#2105 new_clone_idx=10 total_clones=11
augment_clone: event#2106 new_clone_idx=10 total_clones=11
augment_clone: event#2107 new_clone_idx=10 total_clones=11
augment_clone: event#2108 new_clone_idx=10 total_clones=11
augment_clone: event#2109 new_clone_idx=10 total_clones=11
augment_clone: event#2110 new_clone_idx=10 total_clones=11
vio_bench: processed 2117/2912 frames (72%)augment_clone: event#2111 new_clone_idx=10 total_clones=11
augment_clone: event#2112 new_clone_idx=10 total_clones=11
augment_clone: event#2113 new_clone_idx=10 total_clones=11
augment_clone: event#2114 new_clone_idx=10 total_clones=11
augment_clone: event#2115 new_clone_idx=10 total_clones=11
augment_clone: event#2116 new_clone_idx=10 total_clones=11
augment_clone: event#2117 new_clone_idx=10 total_clones=11
augment_clone: event#2118 new_clone_idx=10 total_clones=11
augment_clone: event#2119 new_clone_idx=10 total_clones=11
augment_clone: event#2120 new_clone_idx=10 total_clones=11
augment_clone: event#2121 new_clone_idx=10 total_clones=11
augment_clone: event#2122 new_clone_idx=10 total_clones=11
augment_clone: event#2123 new_clone_idx=10 total_clones=11
augment_clone: event#2124 new_clone_idx=10 total_clones=11
augment_clone: event#2125 new_clone_idx=10 total_clones=11
augment_clone: event#2126 new_clone_idx=10 total_clones=11
augment_clone: event#2127 new_clone_idx=10 total_clones=11
augment_clone: event#2128 new_clone_idx=10 total_clones=11
augment_clone: event#2129 new_clone_idx=10 total_clones=11
augment_clone: event#2130 new_clone_idx=10 total_clones=11
augment_clone: event#2131 new_clone_idx=10 total_clones=11
augment_clone: event#2132 new_clone_idx=10 total_clones=11
augment_clone: event#2133 new_clone_idx=10 total_clones=11
augment_clone: event#2134 new_clone_idx=10 total_clones=11
augment_clone: event#2135 new_clone_idx=10 total_clones=11
augment_clone: event#2136 new_clone_idx=10 total_clones=11
augment_clone: event#2137 new_clone_idx=10 total_clones=11
augment_clone: event#2138 new_clone_idx=10 total_clones=11
augment_clone: event#2139 new_clone_idx=10 total_clones=11
vio_bench: processed 2146/2912 frames (73%)augment_clone: event#2140 new_clone_idx=10 total_clones=11
augment_clone: event#2141 new_clone_idx=10 total_clones=11
augment_clone: event#2142 new_clone_idx=10 total_clones=11
augment_clone: event#2143 new_clone_idx=10 total_clones=11
augment_clone: event#2144 new_clone_idx=10 total_clones=11
augment_clone: event#2145 new_clone_idx=10 total_clones=11
augment_clone: event#2146 new_clone_idx=10 total_clones=11
augment_clone: event#2147 new_clone_idx=10 total_clones=11
augment_clone: event#2148 new_clone_idx=10 total_clones=11
augment_clone: event#2149 new_clone_idx=10 total_clones=11
augment_clone: event#2150 new_clone_idx=10 total_clones=11
augment_clone: event#2151 new_clone_idx=10 total_clones=11
augment_clone: event#2152 new_clone_idx=10 total_clones=11
augment_clone: event#2153 new_clone_idx=10 total_clones=11
augment_clone: event#2154 new_clone_idx=10 total_clones=11
augment_clone: event#2155 new_clone_idx=10 total_clones=11
augment_clone: event#2156 new_clone_idx=10 total_clones=11
augment_clone: event#2157 new_clone_idx=10 total_clones=11
augment_clone: event#2158 new_clone_idx=10 total_clones=11
augment_clone: event#2159 new_clone_idx=10 total_clones=11
augment_clone: event#2160 new_clone_idx=10 total_clones=11
augment_clone: event#2161 new_clone_idx=10 total_clones=11
augment_clone: event#2162 new_clone_idx=10 total_clones=11
augment_clone: event#2163 new_clone_idx=10 total_clones=11
augment_clone: event#2164 new_clone_idx=10 total_clones=11
augment_clone: event#2165 new_clone_idx=10 total_clones=11
augment_clone: event#2166 new_clone_idx=10 total_clones=11
augment_clone: event#2167 new_clone_idx=10 total_clones=11
augment_clone: event#2168 new_clone_idx=10 total_clones=11
vio_bench: processed 2175/2912 frames (74%)augment_clone: event#2169 new_clone_idx=10 total_clones=11
augment_clone: event#2170 new_clone_idx=10 total_clones=11
augment_clone: event#2171 new_clone_idx=10 total_clones=11
augment_clone: event#2172 new_clone_idx=10 total_clones=11
augment_clone: event#2173 new_clone_idx=10 total_clones=11
augment_clone: event#2174 new_clone_idx=10 total_clones=11
augment_clone: event#2175 new_clone_idx=10 total_clones=11
augment_clone: event#2176 new_clone_idx=10 total_clones=11
augment_clone: event#2177 new_clone_idx=10 total_clones=11
augment_clone: event#2178 new_clone_idx=10 total_clones=11
augment_clone: event#2179 new_clone_idx=10 total_clones=11
augment_clone: event#2180 new_clone_idx=10 total_clones=11
augment_clone: event#2181 new_clone_idx=10 total_clones=11
augment_clone: event#2182 new_clone_idx=10 total_clones=11
augment_clone: event#2183 new_clone_idx=10 total_clones=11
augment_clone: event#2184 new_clone_idx=10 total_clones=11
augment_clone: event#2185 new_clone_idx=10 total_clones=11
augment_clone: event#2186 new_clone_idx=10 total_clones=11
augment_clone: event#2187 new_clone_idx=10 total_clones=11
augment_clone: event#2188 new_clone_idx=10 total_clones=11
augment_clone: event#2189 new_clone_idx=10 total_clones=11
augment_clone: event#2190 new_clone_idx=10 total_clones=11
augment_clone: event#2191 new_clone_idx=10 total_clones=11
augment_clone: event#2192 new_clone_idx=10 total_clones=11
augment_clone: event#2193 new_clone_idx=10 total_clones=11
augment_clone: event#2194 new_clone_idx=10 total_clones=11
augment_clone: event#2195 new_clone_idx=10 total_clones=11
augment_clone: event#2196 new_clone_idx=10 total_clones=11
augment_clone: event#2197 new_clone_idx=10 total_clones=11
vio_bench: processed 2204/2912 frames (75%)augment_clone: event#2198 new_clone_idx=10 total_clones=11
augment_clone: event#2199 new_clone_idx=10 total_clones=11
augment_clone: event#2200 new_clone_idx=10 total_clones=11
augment_clone: event#2201 new_clone_idx=10 total_clones=11
augment_clone: event#2202 new_clone_idx=10 total_clones=11
augment_clone: event#2203 new_clone_idx=10 total_clones=11
augment_clone: event#2204 new_clone_idx=10 total_clones=11
augment_clone: event#2205 new_clone_idx=10 total_clones=11
augment_clone: event#2206 new_clone_idx=10 total_clones=11
augment_clone: event#2207 new_clone_idx=10 total_clones=11
augment_clone: event#2208 new_clone_idx=10 total_clones=11
augment_clone: event#2209 new_clone_idx=10 total_clones=11
augment_clone: event#2210 new_clone_idx=10 total_clones=11
augment_clone: event#2211 new_clone_idx=10 total_clones=11
augment_clone: event#2212 new_clone_idx=10 total_clones=11
augment_clone: event#2213 new_clone_idx=10 total_clones=11
augment_clone: event#2214 new_clone_idx=10 total_clones=11
augment_clone: event#2215 new_clone_idx=10 total_clones=11
augment_clone: event#2216 new_clone_idx=10 total_clones=11
augment_clone: event#2217 new_clone_idx=10 total_clones=11
augment_clone: event#2218 new_clone_idx=10 total_clones=11
augment_clone: event#2219 new_clone_idx=10 total_clones=11
augment_clone: event#2220 new_clone_idx=10 total_clones=11
augment_clone: event#2221 new_clone_idx=10 total_clones=11
augment_clone: event#2222 new_clone_idx=10 total_clones=11
augment_clone: event#2223 new_clone_idx=10 total_clones=11
augment_clone: event#2224 new_clone_idx=10 total_clones=11
augment_clone: event#2225 new_clone_idx=10 total_clones=11
augment_clone: event#2226 new_clone_idx=10 total_clones=11
vio_bench: processed 2233/2912 frames (76%)augment_clone: event#2227 new_clone_idx=10 total_clones=11
augment_clone: event#2228 new_clone_idx=10 total_clones=11
augment_clone: event#2229 new_clone_idx=10 total_clones=11
augment_clone: event#2230 new_clone_idx=10 total_clones=11
augment_clone: event#2231 new_clone_idx=10 total_clones=11
augment_clone: event#2232 new_clone_idx=10 total_clones=11
augment_clone: event#2233 new_clone_idx=10 total_clones=11
augment_clone: event#2234 new_clone_idx=10 total_clones=11
augment_clone: event#2235 new_clone_idx=10 total_clones=11
augment_clone: event#2236 new_clone_idx=10 total_clones=11
augment_clone: event#2237 new_clone_idx=10 total_clones=11
augment_clone: event#2238 new_clone_idx=10 total_clones=11
augment_clone: event#2239 new_clone_idx=10 total_clones=11
augment_clone: event#2240 new_clone_idx=10 total_clones=11
augment_clone: event#2241 new_clone_idx=10 total_clones=11
augment_clone: event#2242 new_clone_idx=10 total_clones=11
augment_clone: event#2243 new_clone_idx=10 total_clones=11
augment_clone: event#2244 new_clone_idx=10 total_clones=11
augment_clone: event#2245 new_clone_idx=10 total_clones=11
augment_clone: event#2246 new_clone_idx=10 total_clones=11
augment_clone: event#2247 new_clone_idx=10 total_clones=11
augment_clone: event#2248 new_clone_idx=10 total_clones=11
augment_clone: event#2249 new_clone_idx=10 total_clones=11
augment_clone: event#2250 new_clone_idx=10 total_clones=11
augment_clone: event#2251 new_clone_idx=10 total_clones=11
augment_clone: event#2252 new_clone_idx=10 total_clones=11
augment_clone: event#2253 new_clone_idx=10 total_clones=11
augment_clone: event#2254 new_clone_idx=10 total_clones=11
augment_clone: event#2255 new_clone_idx=10 total_clones=11
vio_bench: processed 2262/2912 frames (77%)augment_clone: event#2256 new_clone_idx=10 total_clones=11
augment_clone: event#2257 new_clone_idx=10 total_clones=11
augment_clone: event#2258 new_clone_idx=10 total_clones=11
augment_clone: event#2259 new_clone_idx=10 total_clones=11
augment_clone: event#2260 new_clone_idx=10 total_clones=11
augment_clone: event#2261 new_clone_idx=10 total_clones=11
augment_clone: event#2262 new_clone_idx=10 total_clones=11
augment_clone: event#2263 new_clone_idx=10 total_clones=11
augment_clone: event#2264 new_clone_idx=10 total_clones=11
augment_clone: event#2265 new_clone_idx=10 total_clones=11
augment_clone: event#2266 new_clone_idx=10 total_clones=11
augment_clone: event#2267 new_clone_idx=10 total_clones=11
augment_clone: event#2268 new_clone_idx=10 total_clones=11
augment_clone: event#2269 new_clone_idx=10 total_clones=11
augment_clone: event#2270 new_clone_idx=10 total_clones=11
augment_clone: event#2271 new_clone_idx=10 total_clones=11
augment_clone: event#2272 new_clone_idx=10 total_clones=11
augment_clone: event#2273 new_clone_idx=10 total_clones=11
augment_clone: event#2274 new_clone_idx=10 total_clones=11
augment_clone: event#2275 new_clone_idx=10 total_clones=11
augment_clone: event#2276 new_clone_idx=10 total_clones=11
augment_clone: event#2277 new_clone_idx=10 total_clones=11
augment_clone: event#2278 new_clone_idx=10 total_clones=11
augment_clone: event#2279 new_clone_idx=10 total_clones=11
augment_clone: event#2280 new_clone_idx=10 total_clones=11
augment_clone: event#2281 new_clone_idx=10 total_clones=11
augment_clone: event#2282 new_clone_idx=10 total_clones=11
augment_clone: event#2283 new_clone_idx=10 total_clones=11
augment_clone: event#2284 new_clone_idx=10 total_clones=11
vio_bench: processed 2291/2912 frames (78%)augment_clone: event#2285 new_clone_idx=10 total_clones=11
augment_clone: event#2286 new_clone_idx=10 total_clones=11
augment_clone: event#2287 new_clone_idx=10 total_clones=11
augment_clone: event#2288 new_clone_idx=10 total_clones=11
augment_clone: event#2289 new_clone_idx=10 total_clones=11
augment_clone: event#2290 new_clone_idx=10 total_clones=11
augment_clone: event#2291 new_clone_idx=10 total_clones=11
augment_clone: event#2292 new_clone_idx=10 total_clones=11
augment_clone: event#2293 new_clone_idx=10 total_clones=11
augment_clone: event#2294 new_clone_idx=10 total_clones=11
augment_clone: event#2295 new_clone_idx=10 total_clones=11
augment_clone: event#2296 new_clone_idx=10 total_clones=11
augment_clone: event#2297 new_clone_idx=10 total_clones=11
augment_clone: event#2298 new_clone_idx=10 total_clones=11
augment_clone: event#2299 new_clone_idx=10 total_clones=11
augment_clone: event#2300 new_clone_idx=10 total_clones=11
augment_clone: event#2301 new_clone_idx=10 total_clones=11
augment_clone: event#2302 new_clone_idx=10 total_clones=11
augment_clone: event#2303 new_clone_idx=10 total_clones=11
augment_clone: event#2304 new_clone_idx=10 total_clones=11
augment_clone: event#2305 new_clone_idx=10 total_clones=11
augment_clone: event#2306 new_clone_idx=10 total_clones=11
augment_clone: event#2307 new_clone_idx=10 total_clones=11
augment_clone: event#2308 new_clone_idx=10 total_clones=11
augment_clone: event#2309 new_clone_idx=10 total_clones=11
augment_clone: event#2310 new_clone_idx=10 total_clones=11
augment_clone: event#2311 new_clone_idx=10 total_clones=11
augment_clone: event#2312 new_clone_idx=10 total_clones=11
augment_clone: event#2313 new_clone_idx=10 total_clones=11
vio_bench: processed 2320/2912 frames (79%)augment_clone: event#2314 new_clone_idx=10 total_clones=11
augment_clone: event#2315 new_clone_idx=10 total_clones=11
augment_clone: event#2316 new_clone_idx=10 total_clones=11
augment_clone: event#2317 new_clone_idx=10 total_clones=11
augment_clone: event#2318 new_clone_idx=10 total_clones=11
augment_clone: event#2319 new_clone_idx=10 total_clones=11
augment_clone: event#2320 new_clone_idx=10 total_clones=11
augment_clone: event#2321 new_clone_idx=10 total_clones=11
augment_clone: event#2322 new_clone_idx=10 total_clones=11
augment_clone: event#2323 new_clone_idx=10 total_clones=11
augment_clone: event#2324 new_clone_idx=10 total_clones=11
augment_clone: event#2325 new_clone_idx=10 total_clones=11
augment_clone: event#2326 new_clone_idx=10 total_clones=11
augment_clone: event#2327 new_clone_idx=10 total_clones=11
augment_clone: event#2328 new_clone_idx=10 total_clones=11
augment_clone: event#2329 new_clone_idx=10 total_clones=11
augment_clone: event#2330 new_clone_idx=10 total_clones=11
augment_clone: event#2331 new_clone_idx=10 total_clones=11
augment_clone: event#2332 new_clone_idx=10 total_clones=11
augment_clone: event#2333 new_clone_idx=10 total_clones=11
augment_clone: event#2334 new_clone_idx=10 total_clones=11
augment_clone: event#2335 new_clone_idx=10 total_clones=11
augment_clone: event#2336 new_clone_idx=10 total_clones=11
augment_clone: event#2337 new_clone_idx=10 total_clones=11
augment_clone: event#2338 new_clone_idx=10 total_clones=11
augment_clone: event#2339 new_clone_idx=10 total_clones=11
augment_clone: event#2340 new_clone_idx=10 total_clones=11
augment_clone: event#2341 new_clone_idx=10 total_clones=11
augment_clone: event#2342 new_clone_idx=10 total_clones=11
vio_bench: processed 2349/2912 frames (80%)augment_clone: event#2343 new_clone_idx=10 total_clones=11
augment_clone: event#2344 new_clone_idx=10 total_clones=11
augment_clone: event#2345 new_clone_idx=10 total_clones=11
augment_clone: event#2346 new_clone_idx=10 total_clones=11
augment_clone: event#2347 new_clone_idx=10 total_clones=11
augment_clone: event#2348 new_clone_idx=10 total_clones=11
augment_clone: event#2349 new_clone_idx=10 total_clones=11
augment_clone: event#2350 new_clone_idx=10 total_clones=11
augment_clone: event#2351 new_clone_idx=10 total_clones=11
augment_clone: event#2352 new_clone_idx=10 total_clones=11
augment_clone: event#2353 new_clone_idx=10 total_clones=11
augment_clone: event#2354 new_clone_idx=10 total_clones=11
augment_clone: event#2355 new_clone_idx=10 total_clones=11
augment_clone: event#2356 new_clone_idx=10 total_clones=11
augment_clone: event#2357 new_clone_idx=10 total_clones=11
augment_clone: event#2358 new_clone_idx=10 total_clones=11
augment_clone: event#2359 new_clone_idx=10 total_clones=11
augment_clone: event#2360 new_clone_idx=10 total_clones=11
augment_clone: event#2361 new_clone_idx=10 total_clones=11
augment_clone: event#2362 new_clone_idx=10 total_clones=11
augment_clone: event#2363 new_clone_idx=10 total_clones=11
augment_clone: event#2364 new_clone_idx=10 total_clones=11
augment_clone: event#2365 new_clone_idx=10 total_clones=11
augment_clone: event#2366 new_clone_idx=10 total_clones=11
augment_clone: event#2367 new_clone_idx=10 total_clones=11
augment_clone: event#2368 new_clone_idx=10 total_clones=11
augment_clone: event#2369 new_clone_idx=10 total_clones=11
augment_clone: event#2370 new_clone_idx=10 total_clones=11
augment_clone: event#2371 new_clone_idx=10 total_clones=11
vio_bench: processed 2378/2912 frames (81%)augment_clone: event#2372 new_clone_idx=10 total_clones=11
augment_clone: event#2373 new_clone_idx=10 total_clones=11
augment_clone: event#2374 new_clone_idx=10 total_clones=11
augment_clone: event#2375 new_clone_idx=10 total_clones=11
augment_clone: event#2376 new_clone_idx=10 total_clones=11
augment_clone: event#2377 new_clone_idx=10 total_clones=11
augment_clone: event#2378 new_clone_idx=10 total_clones=11
augment_clone: event#2379 new_clone_idx=10 total_clones=11
augment_clone: event#2380 new_clone_idx=10 total_clones=11
augment_clone: event#2381 new_clone_idx=10 total_clones=11
augment_clone: event#2382 new_clone_idx=10 total_clones=11
augment_clone: event#2383 new_clone_idx=10 total_clones=11
augment_clone: event#2384 new_clone_idx=10 total_clones=11
augment_clone: event#2385 new_clone_idx=10 total_clones=11
augment_clone: event#2386 new_clone_idx=10 total_clones=11
augment_clone: event#2387 new_clone_idx=10 total_clones=11
augment_clone: event#2388 new_clone_idx=10 total_clones=11
augment_clone: event#2389 new_clone_idx=10 total_clones=11
augment_clone: event#2390 new_clone_idx=10 total_clones=11
augment_clone: event#2391 new_clone_idx=10 total_clones=11
augment_clone: event#2392 new_clone_idx=10 total_clones=11
augment_clone: event#2393 new_clone_idx=10 total_clones=11
augment_clone: event#2394 new_clone_idx=10 total_clones=11
augment_clone: event#2395 new_clone_idx=10 total_clones=11
augment_clone: event#2396 new_clone_idx=10 total_clones=11
augment_clone: event#2397 new_clone_idx=10 total_clones=11
augment_clone: event#2398 new_clone_idx=10 total_clones=11
augment_clone: event#2399 new_clone_idx=10 total_clones=11
augment_clone: event#2400 new_clone_idx=10 total_clones=11
vio_bench: processed 2407/2912 frames (82%)augment_clone: event#2401 new_clone_idx=10 total_clones=11
augment_clone: event#2402 new_clone_idx=10 total_clones=11
augment_clone: event#2403 new_clone_idx=10 total_clones=11
augment_clone: event#2404 new_clone_idx=10 total_clones=11
augment_clone: event#2405 new_clone_idx=10 total_clones=11
augment_clone: event#2406 new_clone_idx=10 total_clones=11
augment_clone: event#2407 new_clone_idx=10 total_clones=11
augment_clone: event#2408 new_clone_idx=10 total_clones=11
augment_clone: event#2409 new_clone_idx=10 total_clones=11
augment_clone: event#2410 new_clone_idx=10 total_clones=11
augment_clone: event#2411 new_clone_idx=10 total_clones=11
augment_clone: event#2412 new_clone_idx=10 total_clones=11
augment_clone: event#2413 new_clone_idx=10 total_clones=11
augment_clone: event#2414 new_clone_idx=10 total_clones=11
augment_clone: event#2415 new_clone_idx=10 total_clones=11
augment_clone: event#2416 new_clone_idx=10 total_clones=11
augment_clone: event#2417 new_clone_idx=10 total_clones=11
augment_clone: event#2418 new_clone_idx=10 total_clones=11
augment_clone: event#2419 new_clone_idx=10 total_clones=11
augment_clone: event#2420 new_clone_idx=10 total_clones=11
augment_clone: event#2421 new_clone_idx=10 total_clones=11
augment_clone: event#2422 new_clone_idx=10 total_clones=11
augment_clone: event#2423 new_clone_idx=10 total_clones=11
augment_clone: event#2424 new_clone_idx=10 total_clones=11
augment_clone: event#2425 new_clone_idx=10 total_clones=11
augment_clone: event#2426 new_clone_idx=10 total_clones=11
augment_clone: event#2427 new_clone_idx=10 total_clones=11
augment_clone: event#2428 new_clone_idx=10 total_clones=11
augment_clone: event#2429 new_clone_idx=10 total_clones=11
vio_bench: processed 2436/2912 frames (83%)augment_clone: event#2430 new_clone_idx=10 total_clones=11
augment_clone: event#2431 new_clone_idx=10 total_clones=11
augment_clone: event#2432 new_clone_idx=10 total_clones=11
augment_clone: event#2433 new_clone_idx=10 total_clones=11
augment_clone: event#2434 new_clone_idx=10 total_clones=11
augment_clone: event#2435 new_clone_idx=10 total_clones=11
augment_clone: event#2436 new_clone_idx=10 total_clones=11
augment_clone: event#2437 new_clone_idx=10 total_clones=11
augment_clone: event#2438 new_clone_idx=10 total_clones=11
augment_clone: event#2439 new_clone_idx=10 total_clones=11
augment_clone: event#2440 new_clone_idx=10 total_clones=11
augment_clone: event#2441 new_clone_idx=10 total_clones=11
augment_clone: event#2442 new_clone_idx=10 total_clones=11
augment_clone: event#2443 new_clone_idx=10 total_clones=11
augment_clone: event#2444 new_clone_idx=10 total_clones=11
augment_clone: event#2445 new_clone_idx=10 total_clones=11
augment_clone: event#2446 new_clone_idx=10 total_clones=11
augment_clone: event#2447 new_clone_idx=10 total_clones=11
augment_clone: event#2448 new_clone_idx=10 total_clones=11
augment_clone: event#2449 new_clone_idx=10 total_clones=11
augment_clone: event#2450 new_clone_idx=10 total_clones=11
augment_clone: event#2451 new_clone_idx=10 total_clones=11
augment_clone: event#2452 new_clone_idx=10 total_clones=11
augment_clone: event#2453 new_clone_idx=10 total_clones=11
augment_clone: event#2454 new_clone_idx=10 total_clones=11
augment_clone: event#2455 new_clone_idx=10 total_clones=11
augment_clone: event#2456 new_clone_idx=10 total_clones=11
augment_clone: event#2457 new_clone_idx=10 total_clones=11
augment_clone: event#2458 new_clone_idx=10 total_clones=11
vio_bench: processed 2465/2912 frames (84%)augment_clone: event#2459 new_clone_idx=10 total_clones=11
augment_clone: event#2460 new_clone_idx=10 total_clones=11
augment_clone: event#2461 new_clone_idx=10 total_clones=11
augment_clone: event#2462 new_clone_idx=10 total_clones=11
augment_clone: event#2463 new_clone_idx=10 total_clones=11
augment_clone: event#2464 new_clone_idx=10 total_clones=11
augment_clone: event#2465 new_clone_idx=10 total_clones=11
augment_clone: event#2466 new_clone_idx=10 total_clones=11
augment_clone: event#2467 new_clone_idx=10 total_clones=11
augment_clone: event#2468 new_clone_idx=10 total_clones=11
augment_clone: event#2469 new_clone_idx=10 total_clones=11
augment_clone: event#2470 new_clone_idx=10 total_clones=11
augment_clone: event#2471 new_clone_idx=10 total_clones=11
augment_clone: event#2472 new_clone_idx=10 total_clones=11
augment_clone: event#2473 new_clone_idx=10 total_clones=11
augment_clone: event#2474 new_clone_idx=10 total_clones=11
augment_clone: event#2475 new_clone_idx=10 total_clones=11
augment_clone: event#2476 new_clone_idx=10 total_clones=11
augment_clone: event#2477 new_clone_idx=10 total_clones=11
augment_clone: event#2478 new_clone_idx=10 total_clones=11
augment_clone: event#2479 new_clone_idx=10 total_clones=11
augment_clone: event#2480 new_clone_idx=10 total_clones=11
augment_clone: event#2481 new_clone_idx=10 total_clones=11
augment_clone: event#2482 new_clone_idx=10 total_clones=11
augment_clone: event#2483 new_clone_idx=10 total_clones=11
augment_clone: event#2484 new_clone_idx=10 total_clones=11
augment_clone: event#2485 new_clone_idx=10 total_clones=11
augment_clone: event#2486 new_clone_idx=10 total_clones=11
augment_clone: event#2487 new_clone_idx=10 total_clones=11
vio_bench: processed 2494/2912 frames (85%)augment_clone: event#2488 new_clone_idx=10 total_clones=11
augment_clone: event#2489 new_clone_idx=10 total_clones=11
augment_clone: event#2490 new_clone_idx=10 total_clones=11
augment_clone: event#2491 new_clone_idx=10 total_clones=11
augment_clone: event#2492 new_clone_idx=10 total_clones=11
augment_clone: event#2493 new_clone_idx=10 total_clones=11
augment_clone: event#2494 new_clone_idx=10 total_clones=11
augment_clone: event#2495 new_clone_idx=10 total_clones=11
augment_clone: event#2496 new_clone_idx=10 total_clones=11
augment_clone: event#2497 new_clone_idx=10 total_clones=11
augment_clone: event#2498 new_clone_idx=10 total_clones=11
augment_clone: event#2499 new_clone_idx=10 total_clones=11
augment_clone: event#2500 new_clone_idx=10 total_clones=11
augment_clone: event#2501 new_clone_idx=10 total_clones=11
augment_clone: event#2502 new_clone_idx=10 total_clones=11
augment_clone: event#2503 new_clone_idx=10 total_clones=11
augment_clone: event#2504 new_clone_idx=10 total_clones=11
augment_clone: event#2505 new_clone_idx=10 total_clones=11
augment_clone: event#2506 new_clone_idx=10 total_clones=11
augment_clone: event#2507 new_clone_idx=10 total_clones=11
augment_clone: event#2508 new_clone_idx=10 total_clones=11
augment_clone: event#2509 new_clone_idx=10 total_clones=11
augment_clone: event#2510 new_clone_idx=10 total_clones=11
augment_clone: event#2511 new_clone_idx=10 total_clones=11
augment_clone: event#2512 new_clone_idx=10 total_clones=11
augment_clone: event#2513 new_clone_idx=10 total_clones=11
augment_clone: event#2514 new_clone_idx=10 total_clones=11
augment_clone: event#2515 new_clone_idx=10 total_clones=11
augment_clone: event#2516 new_clone_idx=10 total_clones=11
vio_bench: processed 2523/2912 frames (86%)augment_clone: event#2517 new_clone_idx=10 total_clones=11
augment_clone: event#2518 new_clone_idx=10 total_clones=11
augment_clone: event#2519 new_clone_idx=10 total_clones=11
augment_clone: event#2520 new_clone_idx=10 total_clones=11
augment_clone: event#2521 new_clone_idx=10 total_clones=11
augment_clone: event#2522 new_clone_idx=10 total_clones=11
augment_clone: event#2523 new_clone_idx=10 total_clones=11
augment_clone: event#2524 new_clone_idx=10 total_clones=11
augment_clone: event#2525 new_clone_idx=10 total_clones=11
augment_clone: event#2526 new_clone_idx=10 total_clones=11
augment_clone: event#2527 new_clone_idx=10 total_clones=11
augment_clone: event#2528 new_clone_idx=10 total_clones=11
augment_clone: event#2529 new_clone_idx=10 total_clones=11
augment_clone: event#2530 new_clone_idx=10 total_clones=11
augment_clone: event#2531 new_clone_idx=10 total_clones=11
augment_clone: event#2532 new_clone_idx=10 total_clones=11
augment_clone: event#2533 new_clone_idx=10 total_clones=11
augment_clone: event#2534 new_clone_idx=10 total_clones=11
augment_clone: event#2535 new_clone_idx=10 total_clones=11
augment_clone: event#2536 new_clone_idx=10 total_clones=11
augment_clone: event#2537 new_clone_idx=10 total_clones=11
augment_clone: event#2538 new_clone_idx=10 total_clones=11
augment_clone: event#2539 new_clone_idx=10 total_clones=11
augment_clone: event#2540 new_clone_idx=10 total_clones=11
augment_clone: event#2541 new_clone_idx=10 total_clones=11
augment_clone: event#2542 new_clone_idx=10 total_clones=11
augment_clone: event#2543 new_clone_idx=10 total_clones=11
augment_clone: event#2544 new_clone_idx=10 total_clones=11
augment_clone: event#2545 new_clone_idx=10 total_clones=11
vio_bench: processed 2552/2912 frames (87%)augment_clone: event#2546 new_clone_idx=10 total_clones=11
augment_clone: event#2547 new_clone_idx=10 total_clones=11
augment_clone: event#2548 new_clone_idx=10 total_clones=11
augment_clone: event#2549 new_clone_idx=10 total_clones=11
augment_clone: event#2550 new_clone_idx=10 total_clones=11
augment_clone: event#2551 new_clone_idx=10 total_clones=11
augment_clone: event#2552 new_clone_idx=10 total_clones=11
augment_clone: event#2553 new_clone_idx=10 total_clones=11
augment_clone: event#2554 new_clone_idx=10 total_clones=11
augment_clone: event#2555 new_clone_idx=10 total_clones=11
augment_clone: event#2556 new_clone_idx=10 total_clones=11
augment_clone: event#2557 new_clone_idx=10 total_clones=11
augment_clone: event#2558 new_clone_idx=10 total_clones=11
augment_clone: event#2559 new_clone_idx=10 total_clones=11
augment_clone: event#2560 new_clone_idx=10 total_clones=11
augment_clone: event#2561 new_clone_idx=10 total_clones=11
augment_clone: event#2562 new_clone_idx=10 total_clones=11
augment_clone: event#2563 new_clone_idx=10 total_clones=11
augment_clone: event#2564 new_clone_idx=10 total_clones=11
augment_clone: event#2565 new_clone_idx=10 total_clones=11
augment_clone: event#2566 new_clone_idx=10 total_clones=11
augment_clone: event#2567 new_clone_idx=10 total_clones=11
augment_clone: event#2568 new_clone_idx=10 total_clones=11
augment_clone: event#2569 new_clone_idx=10 total_clones=11
augment_clone: event#2570 new_clone_idx=10 total_clones=11
augment_clone: event#2571 new_clone_idx=10 total_clones=11
augment_clone: event#2572 new_clone_idx=10 total_clones=11
augment_clone: event#2573 new_clone_idx=10 total_clones=11
augment_clone: event#2574 new_clone_idx=10 total_clones=11
vio_bench: processed 2581/2912 frames (88%)augment_clone: event#2575 new_clone_idx=10 total_clones=11
augment_clone: event#2576 new_clone_idx=10 total_clones=11
augment_clone: event#2577 new_clone_idx=10 total_clones=11
augment_clone: event#2578 new_clone_idx=10 total_clones=11
augment_clone: event#2579 new_clone_idx=10 total_clones=11
augment_clone: event#2580 new_clone_idx=10 total_clones=11
augment_clone: event#2581 new_clone_idx=10 total_clones=11
augment_clone: event#2582 new_clone_idx=10 total_clones=11
augment_clone: event#2583 new_clone_idx=10 total_clones=11
augment_clone: event#2584 new_clone_idx=10 total_clones=11
augment_clone: event#2585 new_clone_idx=10 total_clones=11
augment_clone: event#2586 new_clone_idx=10 total_clones=11
augment_clone: event#2587 new_clone_idx=10 total_clones=11
augment_clone: event#2588 new_clone_idx=10 total_clones=11
augment_clone: event#2589 new_clone_idx=10 total_clones=11
augment_clone: event#2590 new_clone_idx=10 total_clones=11
augment_clone: event#2591 new_clone_idx=10 total_clones=11
augment_clone: event#2592 new_clone_idx=10 total_clones=11
augment_clone: event#2593 new_clone_idx=10 total_clones=11
augment_clone: event#2594 new_clone_idx=10 total_clones=11
augment_clone: event#2595 new_clone_idx=10 total_clones=11
augment_clone: event#2596 new_clone_idx=10 total_clones=11
augment_clone: event#2597 new_clone_idx=10 total_clones=11
augment_clone: event#2598 new_clone_idx=10 total_clones=11
augment_clone: event#2599 new_clone_idx=10 total_clones=11
augment_clone: event#2600 new_clone_idx=10 total_clones=11
augment_clone: event#2601 new_clone_idx=10 total_clones=11
augment_clone: event#2602 new_clone_idx=10 total_clones=11
augment_clone: event#2603 new_clone_idx=10 total_clones=11
vio_bench: processed 2610/2912 frames (89%)augment_clone: event#2604 new_clone_idx=10 total_clones=11
augment_clone: event#2605 new_clone_idx=10 total_clones=11
augment_clone: event#2606 new_clone_idx=10 total_clones=11
augment_clone: event#2607 new_clone_idx=10 total_clones=11
augment_clone: event#2608 new_clone_idx=10 total_clones=11
augment_clone: event#2609 new_clone_idx=10 total_clones=11
augment_clone: event#2610 new_clone_idx=10 total_clones=11
augment_clone: event#2611 new_clone_idx=10 total_clones=11
augment_clone: event#2612 new_clone_idx=10 total_clones=11
augment_clone: event#2613 new_clone_idx=10 total_clones=11
augment_clone: event#2614 new_clone_idx=10 total_clones=11
augment_clone: event#2615 new_clone_idx=10 total_clones=11
augment_clone: event#2616 new_clone_idx=10 total_clones=11
augment_clone: event#2617 new_clone_idx=10 total_clones=11
augment_clone: event#2618 new_clone_idx=10 total_clones=11
augment_clone: event#2619 new_clone_idx=10 total_clones=11
augment_clone: event#2620 new_clone_idx=10 total_clones=11
augment_clone: event#2621 new_clone_idx=10 total_clones=11
augment_clone: event#2622 new_clone_idx=10 total_clones=11
augment_clone: event#2623 new_clone_idx=10 total_clones=11
augment_clone: event#2624 new_clone_idx=10 total_clones=11
augment_clone: event#2625 new_clone_idx=10 total_clones=11
augment_clone: event#2626 new_clone_idx=10 total_clones=11
augment_clone: event#2627 new_clone_idx=10 total_clones=11
augment_clone: event#2628 new_clone_idx=10 total_clones=11
augment_clone: event#2629 new_clone_idx=10 total_clones=11
augment_clone: event#2630 new_clone_idx=10 total_clones=11
augment_clone: event#2631 new_clone_idx=10 total_clones=11
augment_clone: event#2632 new_clone_idx=10 total_clones=11
vio_bench: processed 2639/2912 frames (90%)augment_clone: event#2633 new_clone_idx=10 total_clones=11
augment_clone: event#2634 new_clone_idx=10 total_clones=11
augment_clone: event#2635 new_clone_idx=10 total_clones=11
augment_clone: event#2636 new_clone_idx=10 total_clones=11
augment_clone: event#2637 new_clone_idx=10 total_clones=11
augment_clone: event#2638 new_clone_idx=10 total_clones=11
augment_clone: event#2639 new_clone_idx=10 total_clones=11
augment_clone: event#2640 new_clone_idx=10 total_clones=11
augment_clone: event#2641 new_clone_idx=10 total_clones=11
augment_clone: event#2642 new_clone_idx=10 total_clones=11
augment_clone: event#2643 new_clone_idx=10 total_clones=11
augment_clone: event#2644 new_clone_idx=10 total_clones=11
augment_clone: event#2645 new_clone_idx=10 total_clones=11
augment_clone: event#2646 new_clone_idx=10 total_clones=11
augment_clone: event#2647 new_clone_idx=10 total_clones=11
augment_clone: event#2648 new_clone_idx=10 total_clones=11
augment_clone: event#2649 new_clone_idx=10 total_clones=11
augment_clone: event#2650 new_clone_idx=10 total_clones=11
augment_clone: event#2651 new_clone_idx=10 total_clones=11
augment_clone: event#2652 new_clone_idx=10 total_clones=11
augment_clone: event#2653 new_clone_idx=10 total_clones=11
augment_clone: event#2654 new_clone_idx=10 total_clones=11
augment_clone: event#2655 new_clone_idx=10 total_clones=11
augment_clone: event#2656 new_clone_idx=10 total_clones=11
augment_clone: event#2657 new_clone_idx=10 total_clones=11
augment_clone: event#2658 new_clone_idx=10 total_clones=11
augment_clone: event#2659 new_clone_idx=10 total_clones=11
augment_clone: event#2660 new_clone_idx=10 total_clones=11
augment_clone: event#2661 new_clone_idx=10 total_clones=11
vio_bench: processed 2668/2912 frames (91%)augment_clone: event#2662 new_clone_idx=10 total_clones=11
augment_clone: event#2663 new_clone_idx=10 total_clones=11
augment_clone: event#2664 new_clone_idx=10 total_clones=11
augment_clone: event#2665 new_clone_idx=10 total_clones=11
augment_clone: event#2666 new_clone_idx=10 total_clones=11
augment_clone: event#2667 new_clone_idx=10 total_clones=11
augment_clone: event#2668 new_clone_idx=10 total_clones=11
augment_clone: event#2669 new_clone_idx=10 total_clones=11
augment_clone: event#2670 new_clone_idx=10 total_clones=11
augment_clone: event#2671 new_clone_idx=10 total_clones=11
augment_clone: event#2672 new_clone_idx=10 total_clones=11
augment_clone: event#2673 new_clone_idx=10 total_clones=11
augment_clone: event#2674 new_clone_idx=10 total_clones=11
augment_clone: event#2675 new_clone_idx=10 total_clones=11
augment_clone: event#2676 new_clone_idx=10 total_clones=11
augment_clone: event#2677 new_clone_idx=10 total_clones=11
augment_clone: event#2678 new_clone_idx=10 total_clones=11
augment_clone: event#2679 new_clone_idx=10 total_clones=11
augment_clone: event#2680 new_clone_idx=10 total_clones=11
augment_clone: event#2681 new_clone_idx=10 total_clones=11
augment_clone: event#2682 new_clone_idx=10 total_clones=11
augment_clone: event#2683 new_clone_idx=10 total_clones=11
augment_clone: event#2684 new_clone_idx=10 total_clones=11
augment_clone: event#2685 new_clone_idx=10 total_clones=11
augment_clone: event#2686 new_clone_idx=10 total_clones=11
augment_clone: event#2687 new_clone_idx=10 total_clones=11
augment_clone: event#2688 new_clone_idx=10 total_clones=11
augment_clone: event#2689 new_clone_idx=10 total_clones=11
augment_clone: event#2690 new_clone_idx=10 total_clones=11
vio_bench: processed 2697/2912 frames (92%)augment_clone: event#2691 new_clone_idx=10 total_clones=11
augment_clone: event#2692 new_clone_idx=10 total_clones=11
augment_clone: event#2693 new_clone_idx=10 total_clones=11
augment_clone: event#2694 new_clone_idx=10 total_clones=11
augment_clone: event#2695 new_clone_idx=10 total_clones=11
augment_clone: event#2696 new_clone_idx=10 total_clones=11
augment_clone: event#2697 new_clone_idx=10 total_clones=11
augment_clone: event#2698 new_clone_idx=10 total_clones=11
augment_clone: event#2699 new_clone_idx=10 total_clones=11
augment_clone: event#2700 new_clone_idx=10 total_clones=11
augment_clone: event#2701 new_clone_idx=10 total_clones=11
augment_clone: event#2702 new_clone_idx=10 total_clones=11
augment_clone: event#2703 new_clone_idx=10 total_clones=11
augment_clone: event#2704 new_clone_idx=10 total_clones=11
augment_clone: event#2705 new_clone_idx=10 total_clones=11
augment_clone: event#2706 new_clone_idx=10 total_clones=11
augment_clone: event#2707 new_clone_idx=10 total_clones=11
augment_clone: event#2708 new_clone_idx=10 total_clones=11
augment_clone: event#2709 new_clone_idx=10 total_clones=11
augment_clone: event#2710 new_clone_idx=10 total_clones=11
augment_clone: event#2711 new_clone_idx=10 total_clones=11
augment_clone: event#2712 new_clone_idx=10 total_clones=11
augment_clone: event#2713 new_clone_idx=10 total_clones=11
augment_clone: event#2714 new_clone_idx=10 total_clones=11
augment_clone: event#2715 new_clone_idx=10 total_clones=11
augment_clone: event#2716 new_clone_idx=10 total_clones=11
augment_clone: event#2717 new_clone_idx=10 total_clones=11
augment_clone: event#2718 new_clone_idx=10 total_clones=11
augment_clone: event#2719 new_clone_idx=10 total_clones=11
vio_bench: processed 2726/2912 frames (93%)augment_clone: event#2720 new_clone_idx=10 total_clones=11
augment_clone: event#2721 new_clone_idx=10 total_clones=11
augment_clone: event#2722 new_clone_idx=10 total_clones=11
augment_clone: event#2723 new_clone_idx=10 total_clones=11
augment_clone: event#2724 new_clone_idx=10 total_clones=11
augment_clone: event#2725 new_clone_idx=10 total_clones=11
augment_clone: event#2726 new_clone_idx=10 total_clones=11
augment_clone: event#2727 new_clone_idx=10 total_clones=11
augment_clone: event#2728 new_clone_idx=10 total_clones=11
augment_clone: event#2729 new_clone_idx=10 total_clones=11
augment_clone: event#2730 new_clone_idx=10 total_clones=11
augment_clone: event#2731 new_clone_idx=10 total_clones=11
augment_clone: event#2732 new_clone_idx=10 total_clones=11
augment_clone: event#2733 new_clone_idx=10 total_clones=11
augment_clone: event#2734 new_clone_idx=10 total_clones=11
augment_clone: event#2735 new_clone_idx=10 total_clones=11
augment_clone: event#2736 new_clone_idx=10 total_clones=11
augment_clone: event#2737 new_clone_idx=10 total_clones=11
augment_clone: event#2738 new_clone_idx=10 total_clones=11
augment_clone: event#2739 new_clone_idx=10 total_clones=11
augment_clone: event#2740 new_clone_idx=10 total_clones=11
augment_clone: event#2741 new_clone_idx=10 total_clones=11
augment_clone: event#2742 new_clone_idx=10 total_clones=11
augment_clone: event#2743 new_clone_idx=10 total_clones=11
augment_clone: event#2744 new_clone_idx=10 total_clones=11
augment_clone: event#2745 new_clone_idx=10 total_clones=11
augment_clone: event#2746 new_clone_idx=10 total_clones=11
augment_clone: event#2747 new_clone_idx=10 total_clones=11
augment_clone: event#2748 new_clone_idx=10 total_clones=11
vio_bench: processed 2755/2912 frames (94%)augment_clone: event#2749 new_clone_idx=10 total_clones=11
augment_clone: event#2750 new_clone_idx=10 total_clones=11
augment_clone: event#2751 new_clone_idx=10 total_clones=11
augment_clone: event#2752 new_clone_idx=10 total_clones=11
augment_clone: event#2753 new_clone_idx=10 total_clones=11
augment_clone: event#2754 new_clone_idx=10 total_clones=11
augment_clone: event#2755 new_clone_idx=10 total_clones=11
augment_clone: event#2756 new_clone_idx=10 total_clones=11
augment_clone: event#2757 new_clone_idx=10 total_clones=11
augment_clone: event#2758 new_clone_idx=10 total_clones=11
augment_clone: event#2759 new_clone_idx=10 total_clones=11
augment_clone: event#2760 new_clone_idx=10 total_clones=11
augment_clone: event#2761 new_clone_idx=10 total_clones=11
augment_clone: event#2762 new_clone_idx=10 total_clones=11
augment_clone: event#2763 new_clone_idx=10 total_clones=11
augment_clone: event#2764 new_clone_idx=10 total_clones=11
augment_clone: event#2765 new_clone_idx=10 total_clones=11
augment_clone: event#2766 new_clone_idx=10 total_clones=11
augment_clone: event#2767 new_clone_idx=10 total_clones=11
augment_clone: event#2768 new_clone_idx=10 total_clones=11
augment_clone: event#2769 new_clone_idx=10 total_clones=11
augment_clone: event#2770 new_clone_idx=10 total_clones=11
augment_clone: event#2771 new_clone_idx=10 total_clones=11
augment_clone: event#2772 new_clone_idx=10 total_clones=11
augment_clone: event#2773 new_clone_idx=10 total_clones=11
augment_clone: event#2774 new_clone_idx=10 total_clones=11
augment_clone: event#2775 new_clone_idx=10 total_clones=11
augment_clone: event#2776 new_clone_idx=10 total_clones=11
augment_clone: event#2777 new_clone_idx=10 total_clones=11
vio_bench: processed 2784/2912 frames (95%)augment_clone: event#2778 new_clone_idx=10 total_clones=11
augment_clone: event#2779 new_clone_idx=10 total_clones=11
augment_clone: event#2780 new_clone_idx=10 total_clones=11
augment_clone: event#2781 new_clone_idx=10 total_clones=11
augment_clone: event#2782 new_clone_idx=10 total_clones=11
augment_clone: event#2783 new_clone_idx=10 total_clones=11
augment_clone: event#2784 new_clone_idx=10 total_clones=11
augment_clone: event#2785 new_clone_idx=10 total_clones=11
augment_clone: event#2786 new_clone_idx=10 total_clones=11
augment_clone: event#2787 new_clone_idx=10 total_clones=11
augment_clone: event#2788 new_clone_idx=10 total_clones=11
augment_clone: event#2789 new_clone_idx=10 total_clones=11
augment_clone: event#2790 new_clone_idx=10 total_clones=11
augment_clone: event#2791 new_clone_idx=10 total_clones=11
augment_clone: event#2792 new_clone_idx=10 total_clones=11
augment_clone: event#2793 new_clone_idx=10 total_clones=11
augment_clone: event#2794 new_clone_idx=10 total_clones=11
augment_clone: event#2795 new_clone_idx=10 total_clones=11
augment_clone: event#2796 new_clone_idx=10 total_clones=11
augment_clone: event#2797 new_clone_idx=10 total_clones=11
augment_clone: event#2798 new_clone_idx=10 total_clones=11
augment_clone: event#2799 new_clone_idx=10 total_clones=11
augment_clone: event#2800 new_clone_idx=10 total_clones=11
augment_clone: event#2801 new_clone_idx=10 total_clones=11
augment_clone: event#2802 new_clone_idx=10 total_clones=11
augment_clone: event#2803 new_clone_idx=10 total_clones=11
augment_clone: event#2804 new_clone_idx=10 total_clones=11
augment_clone: event#2805 new_clone_idx=10 total_clones=11
augment_clone: event#2806 new_clone_idx=10 total_clones=11
vio_bench: processed 2813/2912 frames (96%)augment_clone: event#2807 new_clone_idx=10 total_clones=11
augment_clone: event#2808 new_clone_idx=10 total_clones=11
augment_clone: event#2809 new_clone_idx=10 total_clones=11
augment_clone: event#2810 new_clone_idx=10 total_clones=11
augment_clone: event#2811 new_clone_idx=10 total_clones=11
augment_clone: event#2812 new_clone_idx=10 total_clones=11
augment_clone: event#2813 new_clone_idx=10 total_clones=11
augment_clone: event#2814 new_clone_idx=10 total_clones=11
augment_clone: event#2815 new_clone_idx=10 total_clones=11
augment_clone: event#2816 new_clone_idx=10 total_clones=11
augment_clone: event#2817 new_clone_idx=10 total_clones=11
augment_clone: event#2818 new_clone_idx=10 total_clones=11
augment_clone: event#2819 new_clone_idx=10 total_clones=11
augment_clone: event#2820 new_clone_idx=10 total_clones=11
augment_clone: event#2821 new_clone_idx=10 total_clones=11
augment_clone: event#2822 new_clone_idx=10 total_clones=11
augment_clone: event#2823 new_clone_idx=10 total_clones=11
augment_clone: event#2824 new_clone_idx=10 total_clones=11
augment_clone: event#2825 new_clone_idx=10 total_clones=11
augment_clone: event#2826 new_clone_idx=10 total_clones=11
augment_clone: event#2827 new_clone_idx=10 total_clones=11
augment_clone: event#2828 new_clone_idx=10 total_clones=11
augment_clone: event#2829 new_clone_idx=10 total_clones=11
augment_clone: event#2830 new_clone_idx=10 total_clones=11
augment_clone: event#2831 new_clone_idx=10 total_clones=11
augment_clone: event#2832 new_clone_idx=10 total_clones=11
augment_clone: event#2833 new_clone_idx=10 total_clones=11
augment_clone: event#2834 new_clone_idx=10 total_clones=11
augment_clone: event#2835 new_clone_idx=10 total_clones=11
vio_bench: processed 2842/2912 frames (97%)augment_clone: event#2836 new_clone_idx=10 total_clones=11
augment_clone: event#2837 new_clone_idx=10 total_clones=11
augment_clone: event#2838 new_clone_idx=10 total_clones=11
augment_clone: event#2839 new_clone_idx=10 total_clones=11
augment_clone: event#2840 new_clone_idx=10 total_clones=11
augment_clone: event#2841 new_clone_idx=10 total_clones=11
augment_clone: event#2842 new_clone_idx=10 total_clones=11
augment_clone: event#2843 new_clone_idx=10 total_clones=11
augment_clone: event#2844 new_clone_idx=10 total_clones=11
augment_clone: event#2845 new_clone_idx=10 total_clones=11
augment_clone: event#2846 new_clone_idx=10 total_clones=11
augment_clone: event#2847 new_clone_idx=10 total_clones=11
augment_clone: event#2848 new_clone_idx=10 total_clones=11
augment_clone: event#2849 new_clone_idx=10 total_clones=11
augment_clone: event#2850 new_clone_idx=10 total_clones=11
augment_clone: event#2851 new_clone_idx=10 total_clones=11
augment_clone: event#2852 new_clone_idx=10 total_clones=11
augment_clone: event#2853 new_clone_idx=10 total_clones=11
augment_clone: event#2854 new_clone_idx=10 total_clones=11
augment_clone: event#2855 new_clone_idx=10 total_clones=11
augment_clone: event#2856 new_clone_idx=10 total_clones=11
augment_clone: event#2857 new_clone_idx=10 total_clones=11
augment_clone: event#2858 new_clone_idx=10 total_clones=11
augment_clone: event#2859 new_clone_idx=10 total_clones=11
augment_clone: event#2860 new_clone_idx=10 total_clones=11
augment_clone: event#2861 new_clone_idx=10 total_clones=11
augment_clone: event#2862 new_clone_idx=10 total_clones=11
augment_clone: event#2863 new_clone_idx=10 total_clones=11
augment_clone: event#2864 new_clone_idx=10 total_clones=11
vio_bench: processed 2871/2912 frames (98%)augment_clone: event#2865 new_clone_idx=10 total_clones=11
augment_clone: event#2866 new_clone_idx=10 total_clones=11
augment_clone: event#2867 new_clone_idx=10 total_clones=11
augment_clone: event#2868 new_clone_idx=10 total_clones=11
augment_clone: event#2869 new_clone_idx=10 total_clones=11
augment_clone: event#2870 new_clone_idx=10 total_clones=11
augment_clone: event#2871 new_clone_idx=10 total_clones=11
augment_clone: event#2872 new_clone_idx=10 total_clones=11
augment_clone: event#2873 new_clone_idx=10 total_clones=11
augment_clone: event#2874 new_clone_idx=10 total_clones=11
augment_clone: event#2875 new_clone_idx=10 total_clones=11
augment_clone: event#2876 new_clone_idx=10 total_clones=11
augment_clone: event#2877 new_clone_idx=10 total_clones=11
augment_clone: event#2878 new_clone_idx=10 total_clones=11
augment_clone: event#2879 new_clone_idx=10 total_clones=11
augment_clone: event#2880 new_clone_idx=10 total_clones=11
augment_clone: event#2881 new_clone_idx=10 total_clones=11
augment_clone: event#2882 new_clone_idx=10 total_clones=11
augment_clone: event#2883 new_clone_idx=10 total_clones=11
augment_clone: event#2884 new_clone_idx=10 total_clones=11
augment_clone: event#2885 new_clone_idx=10 total_clones=11
augment_clone: event#2886 new_clone_idx=10 total_clones=11
augment_clone: event#2887 new_clone_idx=10 total_clones=11
augment_clone: event#2888 new_clone_idx=10 total_clones=11
augment_clone: event#2889 new_clone_idx=10 total_clones=11
augment_clone: event#2890 new_clone_idx=10 total_clones=11
augment_clone: event#2891 new_clone_idx=10 total_clones=11
augment_clone: event#2892 new_clone_idx=10 total_clones=11
augment_clone: event#2893 new_clone_idx=10 total_clones=11
vio_bench: processed 2900/2912 frames (99%)augment_clone: event#2894 new_clone_idx=10 total_clones=11
augment_clone: event#2895 new_clone_idx=10 total_clones=11
augment_clone: event#2896 new_clone_idx=10 total_clones=11
augment_clone: event#2897 new_clone_idx=10 total_clones=11
augment_clone: event#2898 new_clone_idx=10 total_clones=11
augment_clone: event#2899 new_clone_idx=10 total_clones=11
augment_clone: event#2900 new_clone_idx=10 total_clones=11
augment_clone: event#2901 new_clone_idx=10 total_clones=11
augment_clone: event#2902 new_clone_idx=10 total_clones=11
augment_clone: event#2903 new_clone_idx=10 total_clones=11
augment_clone: event#2904 new_clone_idx=10 total_clones=11
augment_clone: event#2905 new_clone_idx=10 total_clones=11
vio_bench: processed 2912/2912 frames (100%)augment_clone: event#2906 new_clone_idx=10 total_clones=11

# VIO benchmark — /mnt/d/work/data/vicon_room1/vicon_room1/V1_01_easy/asl/mav0

**Verdict:** ✅ OK — ATE 0.288766 m within gate 0.5 m.

## Estimator health

| Check | Value |
|---|---|
| Init method | `static` |
| Platform tilt at init (deg) | 112.181 |
| Init gravity residual | 0.00183561 |
| Camera↔IMU extrinsics | set |
| Peak speed (m/s) | 1.06927 |
| Max position norm (m) | 5.424 |

## Accuracy

| Metric | Value |
|---|---|
| ATE (m) | 0.288766 (gate 0.5) |
| RPE RMSE (m) | 0.293602 |
| RPE translation (%) | 16.6846 |
| RPE rotation (deg/m) | 3.13126 |

## Performance

| Metric | Value |
|---|---|
| Frames | 2912 |
| Real-time factor | 0.763489× |
| Throughput (fps) | 15.275 |
| Latency p50 / p99 (ms) | 41.9825 / 63.9301 |

## Energy (empirical — rapl)

_RAPL unavailable (no powercap zones, or `energy_uj` not readable — often root-only since CVE-2020-8694). Run with energy-read access for J/W._

## Operator profile (first-order; Phase-2 graphs energy input)

| Stage | GFLOPs | MB moved |
|---|---|---|
| pyramid | 16.5551 | 2759.18 |
| fast | 16.8178 | 1051.12 |
| klt | 37.3814 | 4672.68 |
| msckf_propagate | 30.6825 | 1519.44 |
| msckf_update | 8.66813 | 706.523 |

vio_bench: wrote /mnt/d/work/field-notes/cov-compare/full/double_cov.json and /mnt/d/work/field-notes/cov-compare/full/double_cov.md
